ORG_NAME,SEVERITY,_time,count,kpi
savi,high,2023-05-18T00:00:00.000+0100,497,NETClosed
savi,critical,2023-05-18T00:00:00.000+0100,20,NETClosed
pims,high,2023-05-18T00:00:00.000+0100,833,NETClosed
pims,critical,2023-05-18T00:00:00.000+0100,80,NETClosed
mflow,high,2023-05-18T00:00:00.000+0100,879,NETClosed
mflow,critical,2023-05-18T00:00:00.000+0100,61,NETClosed
cpubd,high,2023-05-18T00:00:00.000+0100,62,NETClosed
cpubd,critical,2023-05-18T00:00:00.000+0100,26,NETClosed
cproc,high,2023-05-18T00:00:00.000+0100,303,NETClosed
cproc,critical,2023-05-18T00:00:00.000+0100,41,NETClosed
cplay,high,2023-05-18T00:00:00.000+0100,107,NETClosed
cplay,critical,2023-05-18T00:00:00.000+0100,1,NETClosed
che,high,2023-05-18T00:00:00.000+0100,64,NETClosed
che,critical,2023-05-18T00:00:00.000+0100,2,NETClosed
buy,high,2023-05-18T00:00:00.000+0100,106,NETClosed
buy,critical,2023-05-18T00:00:00.000+0100,6,NETClosed
Voddisco,high,2023-05-18T00:00:00.000+0100,1624,NETClosed
Voddisco,critical,2023-05-18T00:00:00.000+0100,201,NETClosed
Savi 2,high,2023-05-18T00:00:00.000+0100,5,NETClosed
Savi 2,critical,2023-05-18T00:00:00.000+0100,6,NETClosed
Hestia,high,2023-05-18T00:00:00.000+0100,198,NETClosed
Hestia,critical,2023-05-18T00:00:00.000+0100,13,NETClosed
CHA,high,2023-05-18T00:00:00.000+0100,242,NETClosed
sota,high,2023-05-18T00:00:00.000+0100,16,NETOpen
savi,high,2023-05-18T00:00:00.000+0100,824,NETOpen
savi,critical,2023-05-18T00:00:00.000+0100,37,NETOpen
pims,high,2023-05-18T00:00:00.000+0100,187,NETOpen
mflow,high,2023-05-18T00:00:00.000+0100,226,NETOpen
mflow,critical,2023-05-18T00:00:00.000+0100,10,NETOpen
cpubd,high,2023-05-18T00:00:00.000+0100,11,NETOpen
cpubd,critical,2023-05-18T00:00:00.000+0100,1,NETOpen
cproc,high,2023-05-18T00:00:00.000+0100,3,NETOpen
cplay,high,2023-05-18T00:00:00.000+0100,16,NETOpen
che,high,2023-05-18T00:00:00.000+0100,10,NETOpen
buy,high,2023-05-18T00:00:00.000+0100,2,NETOpen
buy,critical,2023-05-18T00:00:00.000+0100,4,NETOpen
Voddisco,high,2023-05-18T00:00:00.000+0100,810,NETOpen
Voddisco,critical,2023-05-18T00:00:00.000+0100,104,NETOpen
Savi 2,high,2023-05-18T00:00:00.000+0100,116,NETOpen
Savi 2,critical,2023-05-18T00:00:00.000+0100,10,NETOpen
Hestia,high,2023-05-18T00:00:00.000+0100,1325,NETOpen
Hestia,critical,2023-05-18T00:00:00.000+0100,121,NETOpen
CHA,high,2023-05-18T00:00:00.000+0100,73,NETOpen
CHA,critical,2023-05-18T00:00:00.000+0100,16,NETOpen
sota,high,2023-05-18T00:00:00.000+0100,0,Q1Closed
sota,critical,2023-05-18T00:00:00.000+0100,0,Q1Closed
savi,high,2023-05-18T00:00:00.000+0100,12,Q1Closed
savi,critical,2023-05-18T00:00:00.000+0100,0,Q1Closed
pims,high,2023-05-18T00:00:00.000+0100,121,Q1Closed
pims,critical,2023-05-18T00:00:00.000+0100,0,Q1Closed
mflow,high,2023-05-18T00:00:00.000+0100,33,Q1Closed
mflow,critical,2023-05-18T00:00:00.000+0100,0,Q1Closed
cpubd,high,2023-05-18T00:00:00.000+0100,0,Q1Closed
cpubd,critical,2023-05-18T00:00:00.000+0100,0,Q1Closed
cproc,high,2023-05-18T00:00:00.000+0100,11,Q1Closed
cproc,critical,2023-05-18T00:00:00.000+0100,0,Q1Closed
cplay,high,2023-05-18T00:00:00.000+0100,11,Q1Closed
cplay,critical,2023-05-18T00:00:00.000+0100,0,Q1Closed
che,high,2023-05-18T00:00:00.000+0100,11,Q1Closed
che,critical,2023-05-18T00:00:00.000+0100,0,Q1Closed
buy,high,2023-05-18T00:00:00.000+0100,12,Q1Closed
buy,critical,2023-05-18T00:00:00.000+0100,0,Q1Closed
Voddisco,high,2023-05-18T00:00:00.000+0100,0,Q1Closed
Voddisco,critical,2023-05-18T00:00:00.000+0100,0,Q1Closed
Savi 2,high,2023-05-18T00:00:00.000+0100,0,Q1Closed
Savi 2,critical,2023-05-18T00:00:00.000+0100,0,Q1Closed
Hestia,high,2023-05-18T00:00:00.000+0100,23,Q1Closed
Hestia,critical,2023-05-18T00:00:00.000+0100,0,Q1Closed
CHA,high,2023-05-18T00:00:00.000+0100,0,Q1Closed
CHA,critical,2023-05-18T00:00:00.000+0100,0,Q1Closed
sota,high,2023-05-18T00:00:00.000+0100,1,Q1Open
savi,high,2023-05-18T00:00:00.000+0100,34,Q1Open
pims,high,2023-05-18T00:00:00.000+0100,176,Q1Open
mflow,high,2023-05-18T00:00:00.000+0100,191,Q1Open
mflow,critical,2023-05-18T00:00:00.000+0100,2,Q1Open
cpubd,high,2023-05-18T00:00:00.000+0100,4,Q1Open
cproc,high,2023-05-18T00:00:00.000+0100,11,Q1Open
cplay,high,2023-05-18T00:00:00.000+0100,22,Q1Open
che,high,2023-05-18T00:00:00.000+0100,15,Q1Open
buy,high,2023-05-18T00:00:00.000+0100,12,Q1Open
buy,critical,2023-05-18T00:00:00.000+0100,1,Q1Open
Voddisco,high,2023-05-18T00:00:00.000+0100,35,Q1Open
Savi 2,high,2023-05-18T00:00:00.000+0100,1,Q1Open
Hestia,high,2023-05-18T00:00:00.000+0100,71,Q1Open
Hestia,critical,2023-05-18T00:00:00.000+0100,2,Q1Open
sota,high,2023-05-17T00:00:00.000+0100,1,Q1Open
savi,high,2023-05-17T00:00:00.000+0100,34,Q1Open
pims,high,2023-05-17T00:00:00.000+0100,176,Q1Open
mflow,high,2023-05-17T00:00:00.000+0100,189,Q1Open
mflow,critical,2023-05-17T00:00:00.000+0100,2,Q1Open
cproc,high,2023-05-17T00:00:00.000+0100,11,Q1Open
cplay,high,2023-05-17T00:00:00.000+0100,22,Q1Open
che,high,2023-05-17T00:00:00.000+0100,11,Q1Open
buy,high,2023-05-17T00:00:00.000+0100,12,Q1Open
buy,critical,2023-05-17T00:00:00.000+0100,1,Q1Open
Voddisco,high,2023-05-17T00:00:00.000+0100,34,Q1Open
Savi 2,high,2023-05-17T00:00:00.000+0100,1,Q1Open
Hestia,high,2023-05-17T00:00:00.000+0100,70,Q1Open
Hestia,critical,2023-05-17T00:00:00.000+0100,2,Q1Open
sota,high,2023-05-17T00:00:00.000+0100,16,NETOpen
savi,high,2023-05-17T00:00:00.000+0100,824,NETOpen
savi,critical,2023-05-17T00:00:00.000+0100,37,NETOpen
pims,high,2023-05-17T00:00:00.000+0100,187,NETOpen
mflow,high,2023-05-17T00:00:00.000+0100,224,NETOpen
mflow,critical,2023-05-17T00:00:00.000+0100,10,NETOpen
cpubd,high,2023-05-17T00:00:00.000+0100,8,NETOpen
cpubd,critical,2023-05-17T00:00:00.000+0100,1,NETOpen
cproc,high,2023-05-17T00:00:00.000+0100,3,NETOpen
cplay,high,2023-05-17T00:00:00.000+0100,16,NETOpen
che,high,2023-05-17T00:00:00.000+0100,6,NETOpen
buy,high,2023-05-17T00:00:00.000+0100,2,NETOpen
buy,critical,2023-05-17T00:00:00.000+0100,4,NETOpen
Voddisco,high,2023-05-17T00:00:00.000+0100,809,NETOpen
Voddisco,critical,2023-05-17T00:00:00.000+0100,104,NETOpen
Savi 2,high,2023-05-17T00:00:00.000+0100,116,NETOpen
Savi 2,critical,2023-05-17T00:00:00.000+0100,10,NETOpen
Hestia,high,2023-05-17T00:00:00.000+0100,1324,NETOpen
Hestia,critical,2023-05-17T00:00:00.000+0100,121,NETOpen
CHA,high,2023-05-17T00:00:00.000+0100,73,NETOpen
CHA,critical,2023-05-17T00:00:00.000+0100,16,NETOpen
sota,high,2023-05-17T00:00:00.000+0100,0,Q1Closed
sota,critical,2023-05-17T00:00:00.000+0100,0,Q1Closed
savi,high,2023-05-17T00:00:00.000+0100,12,Q1Closed
savi,critical,2023-05-17T00:00:00.000+0100,0,Q1Closed
pims,high,2023-05-17T00:00:00.000+0100,121,Q1Closed
pims,critical,2023-05-17T00:00:00.000+0100,0,Q1Closed
mflow,high,2023-05-17T00:00:00.000+0100,33,Q1Closed
mflow,critical,2023-05-17T00:00:00.000+0100,0,Q1Closed
cpubd,high,2023-05-17T00:00:00.000+0100,0,Q1Closed
cpubd,critical,2023-05-17T00:00:00.000+0100,0,Q1Closed
cproc,high,2023-05-17T00:00:00.000+0100,11,Q1Closed
cproc,critical,2023-05-17T00:00:00.000+0100,0,Q1Closed
cplay,high,2023-05-17T00:00:00.000+0100,11,Q1Closed
cplay,critical,2023-05-17T00:00:00.000+0100,0,Q1Closed
che,high,2023-05-17T00:00:00.000+0100,11,Q1Closed
che,critical,2023-05-17T00:00:00.000+0100,0,Q1Closed
buy,high,2023-05-17T00:00:00.000+0100,12,Q1Closed
buy,critical,2023-05-17T00:00:00.000+0100,0,Q1Closed
Voddisco,high,2023-05-17T00:00:00.000+0100,0,Q1Closed
Voddisco,critical,2023-05-17T00:00:00.000+0100,0,Q1Closed
Savi 2,high,2023-05-17T00:00:00.000+0100,0,Q1Closed
Savi 2,critical,2023-05-17T00:00:00.000+0100,0,Q1Closed
Hestia,high,2023-05-17T00:00:00.000+0100,23,Q1Closed
Hestia,critical,2023-05-17T00:00:00.000+0100,0,Q1Closed
CHA,high,2023-05-17T00:00:00.000+0100,0,Q1Closed
CHA,critical,2023-05-17T00:00:00.000+0100,0,Q1Closed
savi,high,2023-05-17T00:00:00.000+0100,497,NETClosed
savi,critical,2023-05-17T00:00:00.000+0100,20,NETClosed
pims,high,2023-05-17T00:00:00.000+0100,833,NETClosed
pims,critical,2023-05-17T00:00:00.000+0100,80,NETClosed
mflow,high,2023-05-17T00:00:00.000+0100,879,NETClosed
mflow,critical,2023-05-17T00:00:00.000+0100,61,NETClosed
cpubd,high,2023-05-17T00:00:00.000+0100,62,NETClosed
cpubd,critical,2023-05-17T00:00:00.000+0100,26,NETClosed
cproc,high,2023-05-17T00:00:00.000+0100,303,NETClosed
cproc,critical,2023-05-17T00:00:00.000+0100,41,NETClosed
cplay,high,2023-05-17T00:00:00.000+0100,107,NETClosed
cplay,critical,2023-05-17T00:00:00.000+0100,1,NETClosed
che,high,2023-05-17T00:00:00.000+0100,64,NETClosed
che,critical,2023-05-17T00:00:00.000+0100,2,NETClosed
buy,high,2023-05-17T00:00:00.000+0100,106,NETClosed
buy,critical,2023-05-17T00:00:00.000+0100,6,NETClosed
Voddisco,high,2023-05-17T00:00:00.000+0100,1624,NETClosed
Voddisco,critical,2023-05-17T00:00:00.000+0100,201,NETClosed
Savi 2,high,2023-05-17T00:00:00.000+0100,5,NETClosed
Savi 2,critical,2023-05-17T00:00:00.000+0100,6,NETClosed
Hestia,high,2023-05-17T00:00:00.000+0100,198,NETClosed
Hestia,critical,2023-05-17T00:00:00.000+0100,13,NETClosed
CHA,high,2023-05-17T00:00:00.000+0100,242,NETClosed
sota,high,2023-05-16T00:00:00.000+0100,0,Q1Closed
sota,critical,2023-05-16T00:00:00.000+0100,0,Q1Closed
savi,high,2023-05-16T00:00:00.000+0100,12,Q1Closed
savi,critical,2023-05-16T00:00:00.000+0100,0,Q1Closed
pims,high,2023-05-16T00:00:00.000+0100,121,Q1Closed
pims,critical,2023-05-16T00:00:00.000+0100,0,Q1Closed
mflow,high,2023-05-16T00:00:00.000+0100,33,Q1Closed
mflow,critical,2023-05-16T00:00:00.000+0100,0,Q1Closed
cpubd,high,2023-05-16T00:00:00.000+0100,0,Q1Closed
cpubd,critical,2023-05-16T00:00:00.000+0100,0,Q1Closed
cproc,high,2023-05-16T00:00:00.000+0100,11,Q1Closed
cproc,critical,2023-05-16T00:00:00.000+0100,0,Q1Closed
cplay,high,2023-05-16T00:00:00.000+0100,11,Q1Closed
cplay,critical,2023-05-16T00:00:00.000+0100,0,Q1Closed
che,high,2023-05-16T00:00:00.000+0100,11,Q1Closed
che,critical,2023-05-16T00:00:00.000+0100,0,Q1Closed
buy,high,2023-05-16T00:00:00.000+0100,12,Q1Closed
buy,critical,2023-05-16T00:00:00.000+0100,0,Q1Closed
Voddisco,high,2023-05-16T00:00:00.000+0100,0,Q1Closed
Voddisco,critical,2023-05-16T00:00:00.000+0100,0,Q1Closed
Savi 2,high,2023-05-16T00:00:00.000+0100,0,Q1Closed
Savi 2,critical,2023-05-16T00:00:00.000+0100,0,Q1Closed
Hestia,high,2023-05-16T00:00:00.000+0100,1,Q1Closed
Hestia,critical,2023-05-16T00:00:00.000+0100,0,Q1Closed
CHA,high,2023-05-16T00:00:00.000+0100,0,Q1Closed
CHA,critical,2023-05-16T00:00:00.000+0100,0,Q1Closed
sota,high,2023-05-16T00:00:00.000+0100,16,NETOpen
savi,high,2023-05-16T00:00:00.000+0100,824,NETOpen
savi,critical,2023-05-16T00:00:00.000+0100,37,NETOpen
pims,high,2023-05-16T00:00:00.000+0100,187,NETOpen
mflow,high,2023-05-16T00:00:00.000+0100,223,NETOpen
mflow,critical,2023-05-16T00:00:00.000+0100,9,NETOpen
cpubd,high,2023-05-16T00:00:00.000+0100,8,NETOpen
cpubd,critical,2023-05-16T00:00:00.000+0100,1,NETOpen
cproc,high,2023-05-16T00:00:00.000+0100,3,NETOpen
cplay,high,2023-05-16T00:00:00.000+0100,16,NETOpen
che,high,2023-05-16T00:00:00.000+0100,6,NETOpen
buy,high,2023-05-16T00:00:00.000+0100,2,NETOpen
buy,critical,2023-05-16T00:00:00.000+0100,4,NETOpen
Voddisco,high,2023-05-16T00:00:00.000+0100,809,NETOpen
Voddisco,critical,2023-05-16T00:00:00.000+0100,104,NETOpen
Savi 2,high,2023-05-16T00:00:00.000+0100,116,NETOpen
Savi 2,critical,2023-05-16T00:00:00.000+0100,10,NETOpen
Hestia,high,2023-05-16T00:00:00.000+0100,1346,NETOpen
Hestia,critical,2023-05-16T00:00:00.000+0100,120,NETOpen
CHA,high,2023-05-16T00:00:00.000+0100,73,NETOpen
CHA,critical,2023-05-16T00:00:00.000+0100,16,NETOpen
sota,high,2023-05-16T00:00:00.000+0100,1,Q1Open
savi,high,2023-05-16T00:00:00.000+0100,34,Q1Open
pims,high,2023-05-16T00:00:00.000+0100,176,Q1Open
mflow,high,2023-05-16T00:00:00.000+0100,188,Q1Open
mflow,critical,2023-05-16T00:00:00.000+0100,1,Q1Open
cproc,high,2023-05-16T00:00:00.000+0100,11,Q1Open
cplay,high,2023-05-16T00:00:00.000+0100,22,Q1Open
che,high,2023-05-16T00:00:00.000+0100,11,Q1Open
buy,high,2023-05-16T00:00:00.000+0100,12,Q1Open
buy,critical,2023-05-16T00:00:00.000+0100,1,Q1Open
Voddisco,high,2023-05-16T00:00:00.000+0100,34,Q1Open
Savi 2,high,2023-05-16T00:00:00.000+0100,1,Q1Open
Hestia,high,2023-05-16T00:00:00.000+0100,70,Q1Open
Hestia,critical,2023-05-16T00:00:00.000+0100,1,Q1Open
savi,high,2023-05-16T00:00:00.000+0100,497,NETClosed
savi,critical,2023-05-16T00:00:00.000+0100,20,NETClosed
pims,high,2023-05-16T00:00:00.000+0100,833,NETClosed
pims,critical,2023-05-16T00:00:00.000+0100,80,NETClosed
mflow,high,2023-05-16T00:00:00.000+0100,879,NETClosed
mflow,critical,2023-05-16T00:00:00.000+0100,61,NETClosed
cpubd,high,2023-05-16T00:00:00.000+0100,62,NETClosed
cpubd,critical,2023-05-16T00:00:00.000+0100,26,NETClosed
cproc,high,2023-05-16T00:00:00.000+0100,303,NETClosed
cproc,critical,2023-05-16T00:00:00.000+0100,41,NETClosed
cplay,high,2023-05-16T00:00:00.000+0100,107,NETClosed
cplay,critical,2023-05-16T00:00:00.000+0100,1,NETClosed
che,high,2023-05-16T00:00:00.000+0100,64,NETClosed
che,critical,2023-05-16T00:00:00.000+0100,2,NETClosed
buy,high,2023-05-16T00:00:00.000+0100,106,NETClosed
buy,critical,2023-05-16T00:00:00.000+0100,6,NETClosed
Voddisco,high,2023-05-16T00:00:00.000+0100,1624,NETClosed
Voddisco,critical,2023-05-16T00:00:00.000+0100,201,NETClosed
Savi 2,high,2023-05-16T00:00:00.000+0100,5,NETClosed
Savi 2,critical,2023-05-16T00:00:00.000+0100,6,NETClosed
Hestia,high,2023-05-16T00:00:00.000+0100,176,NETClosed
Hestia,critical,2023-05-16T00:00:00.000+0100,13,NETClosed
CHA,high,2023-05-16T00:00:00.000+0100,242,NETClosed
sota,high,2023-05-15T00:00:00.000+0100,16,NETOpen
savi,high,2023-05-15T00:00:00.000+0100,824,NETOpen
savi,critical,2023-05-15T00:00:00.000+0100,37,NETOpen
pims,high,2023-05-15T00:00:00.000+0100,187,NETOpen
mflow,high,2023-05-15T00:00:00.000+0100,223,NETOpen
mflow,critical,2023-05-15T00:00:00.000+0100,8,NETOpen
cpubd,high,2023-05-15T00:00:00.000+0100,8,NETOpen
cpubd,critical,2023-05-15T00:00:00.000+0100,1,NETOpen
cproc,high,2023-05-15T00:00:00.000+0100,3,NETOpen
cplay,high,2023-05-15T00:00:00.000+0100,16,NETOpen
che,high,2023-05-15T00:00:00.000+0100,6,NETOpen
buy,high,2023-05-15T00:00:00.000+0100,2,NETOpen
buy,critical,2023-05-15T00:00:00.000+0100,3,NETOpen
Voddisco,high,2023-05-15T00:00:00.000+0100,809,NETOpen
Voddisco,critical,2023-05-15T00:00:00.000+0100,104,NETOpen
Savi 2,high,2023-05-15T00:00:00.000+0100,116,NETOpen
Savi 2,critical,2023-05-15T00:00:00.000+0100,10,NETOpen
Hestia,high,2023-05-15T00:00:00.000+0100,1346,NETOpen
Hestia,critical,2023-05-15T00:00:00.000+0100,120,NETOpen
CHA,high,2023-05-15T00:00:00.000+0100,73,NETOpen
CHA,critical,2023-05-15T00:00:00.000+0100,16,NETOpen
savi,high,2023-05-15T00:00:00.000+0100,497,NETClosed
savi,critical,2023-05-15T00:00:00.000+0100,20,NETClosed
pims,high,2023-05-15T00:00:00.000+0100,833,NETClosed
pims,critical,2023-05-15T00:00:00.000+0100,80,NETClosed
mflow,high,2023-05-15T00:00:00.000+0100,879,NETClosed
mflow,critical,2023-05-15T00:00:00.000+0100,61,NETClosed
cpubd,high,2023-05-15T00:00:00.000+0100,62,NETClosed
cpubd,critical,2023-05-15T00:00:00.000+0100,26,NETClosed
cproc,high,2023-05-15T00:00:00.000+0100,303,NETClosed
cproc,critical,2023-05-15T00:00:00.000+0100,41,NETClosed
cplay,high,2023-05-15T00:00:00.000+0100,107,NETClosed
cplay,critical,2023-05-15T00:00:00.000+0100,1,NETClosed
che,high,2023-05-15T00:00:00.000+0100,64,NETClosed
che,critical,2023-05-15T00:00:00.000+0100,2,NETClosed
buy,high,2023-05-15T00:00:00.000+0100,106,NETClosed
buy,critical,2023-05-15T00:00:00.000+0100,6,NETClosed
Voddisco,high,2023-05-15T00:00:00.000+0100,1624,NETClosed
Voddisco,critical,2023-05-15T00:00:00.000+0100,201,NETClosed
Savi 2,high,2023-05-15T00:00:00.000+0100,5,NETClosed
Savi 2,critical,2023-05-15T00:00:00.000+0100,6,NETClosed
Hestia,high,2023-05-15T00:00:00.000+0100,176,NETClosed
Hestia,critical,2023-05-15T00:00:00.000+0100,13,NETClosed
CHA,high,2023-05-15T00:00:00.000+0100,242,NETClosed
mflow,high,2023-05-15T00:00:00.000+0100,31,Q1Closed
cplay,high,2023-05-15T00:00:00.000+0100,11,Q1Closed
buy,high,2023-05-15T00:00:00.000+0100,12,Q1Closed
sota,high,2023-05-15T00:00:00.000+0100,1,Q1Open
savi,high,2023-05-15T00:00:00.000+0100,34,Q1Open
pims,high,2023-05-15T00:00:00.000+0100,176,Q1Open
mflow,high,2023-05-15T00:00:00.000+0100,188,Q1Open
cproc,high,2023-05-15T00:00:00.000+0100,11,Q1Open
cplay,high,2023-05-15T00:00:00.000+0100,22,Q1Open
che,high,2023-05-15T00:00:00.000+0100,11,Q1Open
buy,high,2023-05-15T00:00:00.000+0100,12,Q1Open
Voddisco,high,2023-05-15T00:00:00.000+0100,34,Q1Open
Savi 2,high,2023-05-15T00:00:00.000+0100,1,Q1Open
Hestia,high,2023-05-15T00:00:00.000+0100,70,Q1Open
Hestia,critical,2023-05-15T00:00:00.000+0100,1,Q1Open
savi,high,2023-05-15T00:00:00.000+0100,12,Q1Closed
pims,high,2023-05-15T00:00:00.000+0100,121,Q1Closed
mflow,high,2023-05-15T00:00:00.000+0100,33,Q1Closed
cproc,high,2023-05-15T00:00:00.000+0100,11,Q1Closed
cplay,high,2023-05-15T00:00:00.000+0100,11,Q1Closed
che,high,2023-05-15T00:00:00.000+0100,11,Q1Closed
buy,high,2023-05-15T00:00:00.000+0100,12,Q1Closed
Hestia,high,2023-05-15T00:00:00.000+0100,1,Q1Closed
savi,high,2023-05-14T00:00:00.000+0100,497,NETClosed
savi,critical,2023-05-14T00:00:00.000+0100,20,NETClosed
pims,high,2023-05-14T00:00:00.000+0100,811,NETClosed
pims,critical,2023-05-14T00:00:00.000+0100,80,NETClosed
mflow,high,2023-05-14T00:00:00.000+0100,857,NETClosed
mflow,critical,2023-05-14T00:00:00.000+0100,61,NETClosed
cpubd,high,2023-05-14T00:00:00.000+0100,62,NETClosed
cpubd,critical,2023-05-14T00:00:00.000+0100,26,NETClosed
cproc,high,2023-05-14T00:00:00.000+0100,303,NETClosed
cproc,critical,2023-05-14T00:00:00.000+0100,41,NETClosed
cplay,high,2023-05-14T00:00:00.000+0100,107,NETClosed
cplay,critical,2023-05-14T00:00:00.000+0100,1,NETClosed
che,high,2023-05-14T00:00:00.000+0100,64,NETClosed
che,critical,2023-05-14T00:00:00.000+0100,2,NETClosed
buy,high,2023-05-14T00:00:00.000+0100,106,NETClosed
buy,critical,2023-05-14T00:00:00.000+0100,6,NETClosed
Voddisco,high,2023-05-14T00:00:00.000+0100,1624,NETClosed
Voddisco,critical,2023-05-14T00:00:00.000+0100,201,NETClosed
Savi 2,high,2023-05-14T00:00:00.000+0100,5,NETClosed
Savi 2,critical,2023-05-14T00:00:00.000+0100,6,NETClosed
Hestia,high,2023-05-14T00:00:00.000+0100,176,NETClosed
Hestia,critical,2023-05-14T00:00:00.000+0100,13,NETClosed
CHA,high,2023-05-14T00:00:00.000+0100,242,NETClosed
sota,high,2023-05-14T00:00:00.000+0100,1,Q1Open
savi,high,2023-05-14T00:00:00.000+0100,34,Q1Open
pims,high,2023-05-14T00:00:00.000+0100,176,Q1Open
mflow,high,2023-05-14T00:00:00.000+0100,188,Q1Open
cproc,high,2023-05-14T00:00:00.000+0100,11,Q1Open
cplay,high,2023-05-14T00:00:00.000+0100,22,Q1Open
che,high,2023-05-14T00:00:00.000+0100,11,Q1Open
buy,high,2023-05-14T00:00:00.000+0100,12,Q1Open
Voddisco,high,2023-05-14T00:00:00.000+0100,34,Q1Open
Savi 2,high,2023-05-14T00:00:00.000+0100,1,Q1Open
Hestia,high,2023-05-14T00:00:00.000+0100,70,Q1Open
Hestia,critical,2023-05-14T00:00:00.000+0100,1,Q1Open
sota,high,2023-05-14T00:00:00.000+0100,16,NETOpen
savi,high,2023-05-14T00:00:00.000+0100,824,NETOpen
savi,critical,2023-05-14T00:00:00.000+0100,37,NETOpen
pims,high,2023-05-14T00:00:00.000+0100,209,NETOpen
mflow,high,2023-05-14T00:00:00.000+0100,245,NETOpen
mflow,critical,2023-05-14T00:00:00.000+0100,8,NETOpen
cpubd,high,2023-05-14T00:00:00.000+0100,8,NETOpen
cpubd,critical,2023-05-14T00:00:00.000+0100,1,NETOpen
cproc,high,2023-05-14T00:00:00.000+0100,3,NETOpen
cplay,high,2023-05-14T00:00:00.000+0100,16,NETOpen
che,high,2023-05-14T00:00:00.000+0100,7,NETOpen
buy,high,2023-05-14T00:00:00.000+0100,2,NETOpen
buy,critical,2023-05-14T00:00:00.000+0100,3,NETOpen
Voddisco,high,2023-05-14T00:00:00.000+0100,809,NETOpen
Voddisco,critical,2023-05-14T00:00:00.000+0100,104,NETOpen
Savi 2,high,2023-05-14T00:00:00.000+0100,116,NETOpen
Savi 2,critical,2023-05-14T00:00:00.000+0100,10,NETOpen
Hestia,high,2023-05-14T00:00:00.000+0100,1346,NETOpen
Hestia,critical,2023-05-14T00:00:00.000+0100,120,NETOpen
CHA,high,2023-05-14T00:00:00.000+0100,73,NETOpen
CHA,critical,2023-05-14T00:00:00.000+0100,16,NETOpen
savi,high,2023-05-14T00:00:00.000+0100,12,Q1Closed
pims,high,2023-05-14T00:00:00.000+0100,99,Q1Closed
mflow,high,2023-05-14T00:00:00.000+0100,11,Q1Closed
cproc,high,2023-05-14T00:00:00.000+0100,11,Q1Closed
cplay,high,2023-05-14T00:00:00.000+0100,11,Q1Closed
che,high,2023-05-14T00:00:00.000+0100,11,Q1Closed
buy,high,2023-05-14T00:00:00.000+0100,12,Q1Closed
Hestia,high,2023-05-14T00:00:00.000+0100,1,Q1Closed
savi,high,2023-05-13T00:00:00.000+0100,497,NETClosed
savi,critical,2023-05-13T00:00:00.000+0100,20,NETClosed
pims,high,2023-05-13T00:00:00.000+0100,767,NETClosed
pims,critical,2023-05-13T00:00:00.000+0100,80,NETClosed
mflow,high,2023-05-13T00:00:00.000+0100,857,NETClosed
mflow,critical,2023-05-13T00:00:00.000+0100,61,NETClosed
cpubd,high,2023-05-13T00:00:00.000+0100,62,NETClosed
cpubd,critical,2023-05-13T00:00:00.000+0100,26,NETClosed
cproc,high,2023-05-13T00:00:00.000+0100,303,NETClosed
cproc,critical,2023-05-13T00:00:00.000+0100,41,NETClosed
cplay,high,2023-05-13T00:00:00.000+0100,96,NETClosed
cplay,critical,2023-05-13T00:00:00.000+0100,1,NETClosed
che,high,2023-05-13T00:00:00.000+0100,64,NETClosed
che,critical,2023-05-13T00:00:00.000+0100,2,NETClosed
buy,high,2023-05-13T00:00:00.000+0100,106,NETClosed
buy,critical,2023-05-13T00:00:00.000+0100,6,NETClosed
Voddisco,high,2023-05-13T00:00:00.000+0100,1624,NETClosed
Voddisco,critical,2023-05-13T00:00:00.000+0100,201,NETClosed
Savi 2,high,2023-05-13T00:00:00.000+0100,6,NETClosed
Savi 2,critical,2023-05-13T00:00:00.000+0100,6,NETClosed
Hestia,high,2023-05-13T00:00:00.000+0100,176,NETClosed
Hestia,critical,2023-05-13T00:00:00.000+0100,13,NETClosed
CHA,high,2023-05-13T00:00:00.000+0100,242,NETClosed
sota,high,2023-05-13T00:00:00.000+0100,1,Q1Open
savi,high,2023-05-13T00:00:00.000+0100,34,Q1Open
pims,high,2023-05-13T00:00:00.000+0100,176,Q1Open
mflow,high,2023-05-13T00:00:00.000+0100,188,Q1Open
cproc,high,2023-05-13T00:00:00.000+0100,11,Q1Open
cplay,high,2023-05-13T00:00:00.000+0100,22,Q1Open
che,high,2023-05-13T00:00:00.000+0100,11,Q1Open
buy,high,2023-05-13T00:00:00.000+0100,12,Q1Open
Voddisco,high,2023-05-13T00:00:00.000+0100,34,Q1Open
Savi 2,high,2023-05-13T00:00:00.000+0100,1,Q1Open
Hestia,high,2023-05-13T00:00:00.000+0100,70,Q1Open
Hestia,critical,2023-05-13T00:00:00.000+0100,1,Q1Open
savi,high,2023-05-13T00:00:00.000+0100,12,Q1Closed
pims,high,2023-05-13T00:00:00.000+0100,55,Q1Closed
mflow,high,2023-05-13T00:00:00.000+0100,11,Q1Closed
cproc,high,2023-05-13T00:00:00.000+0100,11,Q1Closed
che,high,2023-05-13T00:00:00.000+0100,11,Q1Closed
buy,high,2023-05-13T00:00:00.000+0100,12,Q1Closed
Hestia,high,2023-05-13T00:00:00.000+0100,1,Q1Closed
sota,high,2023-05-13T00:00:00.000+0100,16,NETOpen
savi,high,2023-05-13T00:00:00.000+0100,824,NETOpen
savi,critical,2023-05-13T00:00:00.000+0100,37,NETOpen
pims,high,2023-05-13T00:00:00.000+0100,253,NETOpen
mflow,high,2023-05-13T00:00:00.000+0100,245,NETOpen
mflow,critical,2023-05-13T00:00:00.000+0100,8,NETOpen
cpubd,high,2023-05-13T00:00:00.000+0100,8,NETOpen
cpubd,critical,2023-05-13T00:00:00.000+0100,1,NETOpen
cproc,high,2023-05-13T00:00:00.000+0100,3,NETOpen
cplay,high,2023-05-13T00:00:00.000+0100,27,NETOpen
che,high,2023-05-13T00:00:00.000+0100,7,NETOpen
buy,high,2023-05-13T00:00:00.000+0100,2,NETOpen
buy,critical,2023-05-13T00:00:00.000+0100,3,NETOpen
Voddisco,high,2023-05-13T00:00:00.000+0100,809,NETOpen
Voddisco,critical,2023-05-13T00:00:00.000+0100,104,NETOpen
Savi 2,high,2023-05-13T00:00:00.000+0100,116,NETOpen
Savi 2,critical,2023-05-13T00:00:00.000+0100,10,NETOpen
Hestia,high,2023-05-13T00:00:00.000+0100,1346,NETOpen
Hestia,critical,2023-05-13T00:00:00.000+0100,120,NETOpen
CHA,high,2023-05-13T00:00:00.000+0100,73,NETOpen
CHA,critical,2023-05-13T00:00:00.000+0100,16,NETOpen
savi,high,2023-05-12T00:00:00.000+0100,486,NETClosed
savi,critical,2023-05-12T00:00:00.000+0100,20,NETClosed
pims,high,2023-05-12T00:00:00.000+0100,712,NETClosed
pims,critical,2023-05-12T00:00:00.000+0100,80,NETClosed
mflow,high,2023-05-12T00:00:00.000+0100,846,NETClosed
mflow,critical,2023-05-12T00:00:00.000+0100,61,NETClosed
cpubd,high,2023-05-12T00:00:00.000+0100,62,NETClosed
cpubd,critical,2023-05-12T00:00:00.000+0100,26,NETClosed
cproc,high,2023-05-12T00:00:00.000+0100,292,NETClosed
cproc,critical,2023-05-12T00:00:00.000+0100,41,NETClosed
cplay,high,2023-05-12T00:00:00.000+0100,96,NETClosed
cplay,critical,2023-05-12T00:00:00.000+0100,1,NETClosed
che,high,2023-05-12T00:00:00.000+0100,53,NETClosed
che,critical,2023-05-12T00:00:00.000+0100,2,NETClosed
buy,high,2023-05-12T00:00:00.000+0100,95,NETClosed
buy,critical,2023-05-12T00:00:00.000+0100,6,NETClosed
Voddisco,high,2023-05-12T00:00:00.000+0100,1623,NETClosed
Voddisco,critical,2023-05-12T00:00:00.000+0100,201,NETClosed
Savi 2,high,2023-05-12T00:00:00.000+0100,5,NETClosed
Savi 2,critical,2023-05-12T00:00:00.000+0100,6,NETClosed
Hestia,high,2023-05-12T00:00:00.000+0100,176,NETClosed
Hestia,critical,2023-05-12T00:00:00.000+0100,13,NETClosed
CHA,high,2023-05-12T00:00:00.000+0100,242,NETClosed
savi,high,2023-05-12T00:00:00.000+0100,1,Q1Closed
buy,high,2023-05-12T00:00:00.000+0100,1,Q1Closed
Hestia,high,2023-05-12T00:00:00.000+0100,1,Q1Closed
sota,high,2023-05-12T00:00:00.000+0100,16,NETOpen
savi,high,2023-05-12T00:00:00.000+0100,835,NETOpen
savi,critical,2023-05-12T00:00:00.000+0100,37,NETOpen
pims,high,2023-05-12T00:00:00.000+0100,308,NETOpen
mflow,high,2023-05-12T00:00:00.000+0100,256,NETOpen
mflow,critical,2023-05-12T00:00:00.000+0100,8,NETOpen
cpubd,high,2023-05-12T00:00:00.000+0100,8,NETOpen
cpubd,critical,2023-05-12T00:00:00.000+0100,1,NETOpen
cproc,high,2023-05-12T00:00:00.000+0100,14,NETOpen
cplay,high,2023-05-12T00:00:00.000+0100,27,NETOpen
che,high,2023-05-12T00:00:00.000+0100,18,NETOpen
buy,high,2023-05-12T00:00:00.000+0100,13,NETOpen
buy,critical,2023-05-12T00:00:00.000+0100,3,NETOpen
Voddisco,high,2023-05-12T00:00:00.000+0100,810,NETOpen
Voddisco,critical,2023-05-12T00:00:00.000+0100,104,NETOpen
Savi 2,high,2023-05-12T00:00:00.000+0100,117,NETOpen
Savi 2,critical,2023-05-12T00:00:00.000+0100,10,NETOpen
Hestia,high,2023-05-12T00:00:00.000+0100,1346,NETOpen
Hestia,critical,2023-05-12T00:00:00.000+0100,120,NETOpen
CHA,high,2023-05-12T00:00:00.000+0100,73,NETOpen
CHA,critical,2023-05-12T00:00:00.000+0100,16,NETOpen
sota,high,2023-05-12T00:00:00.000+0100,1,Q1Open
savi,high,2023-05-12T00:00:00.000+0100,34,Q1Open
pims,high,2023-05-12T00:00:00.000+0100,176,Q1Open
mflow,high,2023-05-12T00:00:00.000+0100,188,Q1Open
cproc,high,2023-05-12T00:00:00.000+0100,11,Q1Open
cplay,high,2023-05-12T00:00:00.000+0100,22,Q1Open
che,high,2023-05-12T00:00:00.000+0100,11,Q1Open
buy,high,2023-05-12T00:00:00.000+0100,12,Q1Open
Voddisco,high,2023-05-12T00:00:00.000+0100,34,Q1Open
Savi 2,high,2023-05-12T00:00:00.000+0100,1,Q1Open
Hestia,high,2023-05-12T00:00:00.000+0100,70,Q1Open
Hestia,critical,2023-05-12T00:00:00.000+0100,1,Q1Open
sota,high,2023-05-11T00:00:00.000+0100,16,NETOpen
savi,high,2023-05-11T00:00:00.000+0100,835,NETOpen
savi,critical,2023-05-11T00:00:00.000+0100,37,NETOpen
pims,high,2023-05-11T00:00:00.000+0100,308,NETOpen
mflow,high,2023-05-11T00:00:00.000+0100,256,NETOpen
mflow,critical,2023-05-11T00:00:00.000+0100,8,NETOpen
cpubd,high,2023-05-11T00:00:00.000+0100,8,NETOpen
cpubd,critical,2023-05-11T00:00:00.000+0100,1,NETOpen
cproc,high,2023-05-11T00:00:00.000+0100,14,NETOpen
cplay,high,2023-05-11T00:00:00.000+0100,27,NETOpen
che,high,2023-05-11T00:00:00.000+0100,18,NETOpen
buy,high,2023-05-11T00:00:00.000+0100,13,NETOpen
buy,critical,2023-05-11T00:00:00.000+0100,3,NETOpen
Voddisco,high,2023-05-11T00:00:00.000+0100,812,NETOpen
Voddisco,critical,2023-05-11T00:00:00.000+0100,104,NETOpen
Savi 2,high,2023-05-11T00:00:00.000+0100,117,NETOpen
Savi 2,critical,2023-05-11T00:00:00.000+0100,10,NETOpen
Hestia,high,2023-05-11T00:00:00.000+0100,1427,NETOpen
Hestia,critical,2023-05-11T00:00:00.000+0100,124,NETOpen
CHA,high,2023-05-11T00:00:00.000+0100,73,NETOpen
CHA,critical,2023-05-11T00:00:00.000+0100,16,NETOpen
savi,high,2023-05-11T00:00:00.000+0100,1,Q1Closed
buy,high,2023-05-11T00:00:00.000+0100,1,Q1Closed
sota,high,2023-05-11T00:00:00.000+0100,1,Q1Open
savi,high,2023-05-11T00:00:00.000+0100,34,Q1Open
pims,high,2023-05-11T00:00:00.000+0100,176,Q1Open
mflow,high,2023-05-11T00:00:00.000+0100,188,Q1Open
cproc,high,2023-05-11T00:00:00.000+0100,11,Q1Open
cplay,high,2023-05-11T00:00:00.000+0100,22,Q1Open
che,high,2023-05-11T00:00:00.000+0100,11,Q1Open
buy,high,2023-05-11T00:00:00.000+0100,12,Q1Open
Voddisco,high,2023-05-11T00:00:00.000+0100,34,Q1Open
Savi 2,high,2023-05-11T00:00:00.000+0100,1,Q1Open
Hestia,high,2023-05-11T00:00:00.000+0100,67,Q1Open
Hestia,critical,2023-05-11T00:00:00.000+0100,1,Q1Open
savi,high,2023-05-11T00:00:00.000+0100,486,NETClosed
savi,critical,2023-05-11T00:00:00.000+0100,20,NETClosed
pims,high,2023-05-11T00:00:00.000+0100,712,NETClosed
pims,critical,2023-05-11T00:00:00.000+0100,80,NETClosed
mflow,high,2023-05-11T00:00:00.000+0100,846,NETClosed
mflow,critical,2023-05-11T00:00:00.000+0100,61,NETClosed
cpubd,high,2023-05-11T00:00:00.000+0100,62,NETClosed
cpubd,critical,2023-05-11T00:00:00.000+0100,26,NETClosed
cproc,high,2023-05-11T00:00:00.000+0100,292,NETClosed
cproc,critical,2023-05-11T00:00:00.000+0100,41,NETClosed
cplay,high,2023-05-11T00:00:00.000+0100,96,NETClosed
cplay,critical,2023-05-11T00:00:00.000+0100,1,NETClosed
che,high,2023-05-11T00:00:00.000+0100,53,NETClosed
che,critical,2023-05-11T00:00:00.000+0100,2,NETClosed
buy,high,2023-05-11T00:00:00.000+0100,95,NETClosed
buy,critical,2023-05-11T00:00:00.000+0100,6,NETClosed
Voddisco,high,2023-05-11T00:00:00.000+0100,1621,NETClosed
Voddisco,critical,2023-05-11T00:00:00.000+0100,201,NETClosed
Savi 2,high,2023-05-11T00:00:00.000+0100,5,NETClosed
Savi 2,critical,2023-05-11T00:00:00.000+0100,6,NETClosed
Hestia,high,2023-05-11T00:00:00.000+0100,92,NETClosed
Hestia,critical,2023-05-11T00:00:00.000+0100,9,NETClosed
CHA,high,2023-05-11T00:00:00.000+0100,242,NETClosed
sota,high,2023-05-10T00:00:00.000+0100,16,NETOpen
savi,high,2023-05-10T00:00:00.000+0100,835,NETOpen
savi,critical,2023-05-10T00:00:00.000+0100,37,NETOpen
pims,high,2023-05-10T00:00:00.000+0100,308,NETOpen
mflow,high,2023-05-10T00:00:00.000+0100,256,NETOpen
mflow,critical,2023-05-10T00:00:00.000+0100,8,NETOpen
cpubd,high,2023-05-10T00:00:00.000+0100,8,NETOpen
cpubd,critical,2023-05-10T00:00:00.000+0100,1,NETOpen
cproc,high,2023-05-10T00:00:00.000+0100,14,NETOpen
cplay,high,2023-05-10T00:00:00.000+0100,27,NETOpen
che,high,2023-05-10T00:00:00.000+0100,18,NETOpen
buy,high,2023-05-10T00:00:00.000+0100,13,NETOpen
buy,critical,2023-05-10T00:00:00.000+0100,3,NETOpen
Voddisco,high,2023-05-10T00:00:00.000+0100,812,NETOpen
Voddisco,critical,2023-05-10T00:00:00.000+0100,104,NETOpen
Savi 2,high,2023-05-10T00:00:00.000+0100,117,NETOpen
Savi 2,critical,2023-05-10T00:00:00.000+0100,10,NETOpen
Hestia,high,2023-05-10T00:00:00.000+0100,1427,NETOpen
Hestia,critical,2023-05-10T00:00:00.000+0100,124,NETOpen
CHA,high,2023-05-10T00:00:00.000+0100,73,NETOpen
CHA,critical,2023-05-10T00:00:00.000+0100,16,NETOpen
savi,high,2023-05-10T00:00:00.000+0100,486,NETClosed
savi,critical,2023-05-10T00:00:00.000+0100,20,NETClosed
pims,high,2023-05-10T00:00:00.000+0100,712,NETClosed
pims,critical,2023-05-10T00:00:00.000+0100,80,NETClosed
mflow,high,2023-05-10T00:00:00.000+0100,846,NETClosed
mflow,critical,2023-05-10T00:00:00.000+0100,61,NETClosed
cpubd,high,2023-05-10T00:00:00.000+0100,62,NETClosed
cpubd,critical,2023-05-10T00:00:00.000+0100,26,NETClosed
cproc,high,2023-05-10T00:00:00.000+0100,292,NETClosed
cproc,critical,2023-05-10T00:00:00.000+0100,41,NETClosed
cplay,high,2023-05-10T00:00:00.000+0100,96,NETClosed
cplay,critical,2023-05-10T00:00:00.000+0100,1,NETClosed
che,high,2023-05-10T00:00:00.000+0100,53,NETClosed
che,critical,2023-05-10T00:00:00.000+0100,2,NETClosed
buy,high,2023-05-10T00:00:00.000+0100,95,NETClosed
buy,critical,2023-05-10T00:00:00.000+0100,6,NETClosed
Voddisco,high,2023-05-10T00:00:00.000+0100,1621,NETClosed
Voddisco,critical,2023-05-10T00:00:00.000+0100,201,NETClosed
Savi 2,high,2023-05-10T00:00:00.000+0100,5,NETClosed
Savi 2,critical,2023-05-10T00:00:00.000+0100,6,NETClosed
Hestia,high,2023-05-10T00:00:00.000+0100,92,NETClosed
Hestia,critical,2023-05-10T00:00:00.000+0100,9,NETClosed
CHA,high,2023-05-10T00:00:00.000+0100,242,NETClosed
savi,high,2023-05-10T00:00:00.000+0100,1,Q1Closed
buy,high,2023-05-10T00:00:00.000+0100,1,Q1Closed
sota,high,2023-05-10T00:00:00.000+0100,1,Q1Open
savi,high,2023-05-10T00:00:00.000+0100,34,Q1Open
pims,high,2023-05-10T00:00:00.000+0100,176,Q1Open
mflow,high,2023-05-10T00:00:00.000+0100,188,Q1Open
cproc,high,2023-05-10T00:00:00.000+0100,11,Q1Open
cplay,high,2023-05-10T00:00:00.000+0100,22,Q1Open
che,high,2023-05-10T00:00:00.000+0100,11,Q1Open
buy,high,2023-05-10T00:00:00.000+0100,12,Q1Open
Voddisco,high,2023-05-10T00:00:00.000+0100,34,Q1Open
Savi 2,high,2023-05-10T00:00:00.000+0100,1,Q1Open
Hestia,high,2023-05-10T00:00:00.000+0100,67,Q1Open
Hestia,critical,2023-05-10T00:00:00.000+0100,1,Q1Open
savi,high,2023-05-09T00:00:00.000+0100,1,Q1Closed
buy,high,2023-05-09T00:00:00.000+0100,1,Q1Closed
savi,high,2023-05-09T00:00:00.000+0100,34,Q1Open
pims,high,2023-05-09T00:00:00.000+0100,176,Q1Open
mflow,high,2023-05-09T00:00:00.000+0100,188,Q1Open
cproc,high,2023-05-09T00:00:00.000+0100,11,Q1Open
cplay,high,2023-05-09T00:00:00.000+0100,22,Q1Open
che,high,2023-05-09T00:00:00.000+0100,11,Q1Open
buy,high,2023-05-09T00:00:00.000+0100,12,Q1Open
Voddisco,high,2023-05-09T00:00:00.000+0100,34,Q1Open
Savi 2,high,2023-05-09T00:00:00.000+0100,1,Q1Open
Hestia,high,2023-05-09T00:00:00.000+0100,31,Q1Open
sota,high,2023-05-09T00:00:00.000+0100,1,NETClosed
savi,high,2023-05-09T00:00:00.000+0100,486,NETClosed
savi,critical,2023-05-09T00:00:00.000+0100,20,NETClosed
pims,high,2023-05-09T00:00:00.000+0100,712,NETClosed
pims,critical,2023-05-09T00:00:00.000+0100,80,NETClosed
mflow,high,2023-05-09T00:00:00.000+0100,846,NETClosed
mflow,critical,2023-05-09T00:00:00.000+0100,61,NETClosed
cpubd,high,2023-05-09T00:00:00.000+0100,62,NETClosed
cpubd,critical,2023-05-09T00:00:00.000+0100,26,NETClosed
cproc,high,2023-05-09T00:00:00.000+0100,292,NETClosed
cproc,critical,2023-05-09T00:00:00.000+0100,41,NETClosed
cplay,high,2023-05-09T00:00:00.000+0100,96,NETClosed
cplay,critical,2023-05-09T00:00:00.000+0100,1,NETClosed
che,high,2023-05-09T00:00:00.000+0100,53,NETClosed
che,critical,2023-05-09T00:00:00.000+0100,2,NETClosed
buy,high,2023-05-09T00:00:00.000+0100,95,NETClosed
buy,critical,2023-05-09T00:00:00.000+0100,6,NETClosed
Voddisco,high,2023-05-09T00:00:00.000+0100,1621,NETClosed
Voddisco,critical,2023-05-09T00:00:00.000+0100,201,NETClosed
Savi 2,high,2023-05-09T00:00:00.000+0100,5,NETClosed
Savi 2,critical,2023-05-09T00:00:00.000+0100,6,NETClosed
Hestia,high,2023-05-09T00:00:00.000+0100,92,NETClosed
Hestia,critical,2023-05-09T00:00:00.000+0100,9,NETClosed
CHA,high,2023-05-09T00:00:00.000+0100,242,NETClosed
sota,high,2023-05-09T00:00:00.000+0100,15,NETOpen
savi,high,2023-05-09T00:00:00.000+0100,835,NETOpen
savi,critical,2023-05-09T00:00:00.000+0100,37,NETOpen
pims,high,2023-05-09T00:00:00.000+0100,308,NETOpen
mflow,high,2023-05-09T00:00:00.000+0100,257,NETOpen
mflow,critical,2023-05-09T00:00:00.000+0100,8,NETOpen
cpubd,high,2023-05-09T00:00:00.000+0100,12,NETOpen
cpubd,critical,2023-05-09T00:00:00.000+0100,1,NETOpen
cproc,high,2023-05-09T00:00:00.000+0100,14,NETOpen
cplay,high,2023-05-09T00:00:00.000+0100,27,NETOpen
che,high,2023-05-09T00:00:00.000+0100,18,NETOpen
buy,high,2023-05-09T00:00:00.000+0100,13,NETOpen
buy,critical,2023-05-09T00:00:00.000+0100,3,NETOpen
Voddisco,high,2023-05-09T00:00:00.000+0100,814,NETOpen
Voddisco,critical,2023-05-09T00:00:00.000+0100,104,NETOpen
Savi 2,high,2023-05-09T00:00:00.000+0100,117,NETOpen
Savi 2,critical,2023-05-09T00:00:00.000+0100,10,NETOpen
Hestia,high,2023-05-09T00:00:00.000+0100,1966,NETOpen
Hestia,critical,2023-05-09T00:00:00.000+0100,159,NETOpen
CHA,high,2023-05-09T00:00:00.000+0100,73,NETOpen
CHA,critical,2023-05-09T00:00:00.000+0100,16,NETOpen
savi,high,2023-05-08T00:00:00.000+0100,34,Q1Open
pims,high,2023-05-08T00:00:00.000+0100,176,Q1Open
mflow,high,2023-05-08T00:00:00.000+0100,188,Q1Open
cproc,high,2023-05-08T00:00:00.000+0100,11,Q1Open
cplay,high,2023-05-08T00:00:00.000+0100,22,Q1Open
che,high,2023-05-08T00:00:00.000+0100,11,Q1Open
buy,high,2023-05-08T00:00:00.000+0100,12,Q1Open
Voddisco,high,2023-05-08T00:00:00.000+0100,34,Q1Open
Savi 2,high,2023-05-08T00:00:00.000+0100,1,Q1Open
Hestia,high,2023-05-08T00:00:00.000+0100,30,Q1Open
savi,high,2023-05-08T00:00:00.000+0100,1,Q1Closed
buy,high,2023-05-08T00:00:00.000+0100,1,Q1Closed
sota,high,2023-05-08T00:00:00.000+0100,15,NETOpen
savi,high,2023-05-08T00:00:00.000+0100,835,NETOpen
savi,critical,2023-05-08T00:00:00.000+0100,37,NETOpen
pims,high,2023-05-08T00:00:00.000+0100,308,NETOpen
mflow,high,2023-05-08T00:00:00.000+0100,263,NETOpen
mflow,critical,2023-05-08T00:00:00.000+0100,8,NETOpen
cpubd,high,2023-05-08T00:00:00.000+0100,19,NETOpen
cpubd,critical,2023-05-08T00:00:00.000+0100,1,NETOpen
cproc,high,2023-05-08T00:00:00.000+0100,15,NETOpen
cplay,high,2023-05-08T00:00:00.000+0100,27,NETOpen
che,high,2023-05-08T00:00:00.000+0100,23,NETOpen
buy,high,2023-05-08T00:00:00.000+0100,16,NETOpen
buy,critical,2023-05-08T00:00:00.000+0100,3,NETOpen
Voddisco,high,2023-05-08T00:00:00.000+0100,819,NETOpen
Voddisco,critical,2023-05-08T00:00:00.000+0100,104,NETOpen
Savi 2,high,2023-05-08T00:00:00.000+0100,117,NETOpen
Savi 2,critical,2023-05-08T00:00:00.000+0100,10,NETOpen
Hestia,high,2023-05-08T00:00:00.000+0100,1965,NETOpen
Hestia,critical,2023-05-08T00:00:00.000+0100,159,NETOpen
CHA,high,2023-05-08T00:00:00.000+0100,73,NETOpen
CHA,critical,2023-05-08T00:00:00.000+0100,16,NETOpen
sota,high,2023-05-08T00:00:00.000+0100,1,NETClosed
savi,high,2023-05-08T00:00:00.000+0100,486,NETClosed
savi,critical,2023-05-08T00:00:00.000+0100,20,NETClosed
pims,high,2023-05-08T00:00:00.000+0100,712,NETClosed
pims,critical,2023-05-08T00:00:00.000+0100,80,NETClosed
mflow,high,2023-05-08T00:00:00.000+0100,846,NETClosed
mflow,critical,2023-05-08T00:00:00.000+0100,61,NETClosed
cpubd,high,2023-05-08T00:00:00.000+0100,62,NETClosed
cpubd,critical,2023-05-08T00:00:00.000+0100,26,NETClosed
cproc,high,2023-05-08T00:00:00.000+0100,292,NETClosed
cproc,critical,2023-05-08T00:00:00.000+0100,41,NETClosed
cplay,high,2023-05-08T00:00:00.000+0100,96,NETClosed
cplay,critical,2023-05-08T00:00:00.000+0100,1,NETClosed
che,high,2023-05-08T00:00:00.000+0100,53,NETClosed
che,critical,2023-05-08T00:00:00.000+0100,2,NETClosed
buy,high,2023-05-08T00:00:00.000+0100,95,NETClosed
buy,critical,2023-05-08T00:00:00.000+0100,6,NETClosed
Voddisco,high,2023-05-08T00:00:00.000+0100,1621,NETClosed
Voddisco,critical,2023-05-08T00:00:00.000+0100,201,NETClosed
Savi 2,high,2023-05-08T00:00:00.000+0100,5,NETClosed
Savi 2,critical,2023-05-08T00:00:00.000+0100,6,NETClosed
Hestia,high,2023-05-08T00:00:00.000+0100,92,NETClosed
Hestia,critical,2023-05-08T00:00:00.000+0100,9,NETClosed
CHA,high,2023-05-08T00:00:00.000+0100,242,NETClosed
savi,high,2023-05-07T00:00:00.000+0100,1,Q1Closed
buy,high,2023-05-07T00:00:00.000+0100,1,Q1Closed
savi,high,2023-05-07T00:00:00.000+0100,34,Q1Open
pims,high,2023-05-07T00:00:00.000+0100,176,Q1Open
mflow,high,2023-05-07T00:00:00.000+0100,188,Q1Open
cproc,high,2023-05-07T00:00:00.000+0100,11,Q1Open
cplay,high,2023-05-07T00:00:00.000+0100,22,Q1Open
che,high,2023-05-07T00:00:00.000+0100,11,Q1Open
buy,high,2023-05-07T00:00:00.000+0100,12,Q1Open
Voddisco,high,2023-05-07T00:00:00.000+0100,34,Q1Open
Savi 2,high,2023-05-07T00:00:00.000+0100,1,Q1Open
Hestia,high,2023-05-07T00:00:00.000+0100,30,Q1Open
sota,high,2023-05-07T00:00:00.000+0100,15,NETOpen
savi,high,2023-05-07T00:00:00.000+0100,835,NETOpen
savi,critical,2023-05-07T00:00:00.000+0100,37,NETOpen
pims,high,2023-05-07T00:00:00.000+0100,308,NETOpen
mflow,high,2023-05-07T00:00:00.000+0100,263,NETOpen
mflow,critical,2023-05-07T00:00:00.000+0100,8,NETOpen
cpubd,high,2023-05-07T00:00:00.000+0100,19,NETOpen
cpubd,critical,2023-05-07T00:00:00.000+0100,1,NETOpen
cproc,high,2023-05-07T00:00:00.000+0100,15,NETOpen
cplay,high,2023-05-07T00:00:00.000+0100,27,NETOpen
che,high,2023-05-07T00:00:00.000+0100,23,NETOpen
buy,high,2023-05-07T00:00:00.000+0100,16,NETOpen
buy,critical,2023-05-07T00:00:00.000+0100,3,NETOpen
Voddisco,high,2023-05-07T00:00:00.000+0100,819,NETOpen
Voddisco,critical,2023-05-07T00:00:00.000+0100,104,NETOpen
Savi 2,high,2023-05-07T00:00:00.000+0100,117,NETOpen
Savi 2,critical,2023-05-07T00:00:00.000+0100,10,NETOpen
Hestia,high,2023-05-07T00:00:00.000+0100,1965,NETOpen
Hestia,critical,2023-05-07T00:00:00.000+0100,159,NETOpen
CHA,high,2023-05-07T00:00:00.000+0100,73,NETOpen
CHA,critical,2023-05-07T00:00:00.000+0100,16,NETOpen
sota,high,2023-05-07T00:00:00.000+0100,1,NETClosed
savi,high,2023-05-07T00:00:00.000+0100,486,NETClosed
savi,critical,2023-05-07T00:00:00.000+0100,20,NETClosed
pims,high,2023-05-07T00:00:00.000+0100,712,NETClosed
pims,critical,2023-05-07T00:00:00.000+0100,80,NETClosed
mflow,high,2023-05-07T00:00:00.000+0100,846,NETClosed
mflow,critical,2023-05-07T00:00:00.000+0100,61,NETClosed
cpubd,high,2023-05-07T00:00:00.000+0100,62,NETClosed
cpubd,critical,2023-05-07T00:00:00.000+0100,26,NETClosed
cproc,high,2023-05-07T00:00:00.000+0100,292,NETClosed
cproc,critical,2023-05-07T00:00:00.000+0100,41,NETClosed
cplay,high,2023-05-07T00:00:00.000+0100,96,NETClosed
cplay,critical,2023-05-07T00:00:00.000+0100,1,NETClosed
che,high,2023-05-07T00:00:00.000+0100,53,NETClosed
che,critical,2023-05-07T00:00:00.000+0100,2,NETClosed
buy,high,2023-05-07T00:00:00.000+0100,95,NETClosed
buy,critical,2023-05-07T00:00:00.000+0100,6,NETClosed
Voddisco,high,2023-05-07T00:00:00.000+0100,1621,NETClosed
Voddisco,critical,2023-05-07T00:00:00.000+0100,201,NETClosed
Savi 2,high,2023-05-07T00:00:00.000+0100,5,NETClosed
Savi 2,critical,2023-05-07T00:00:00.000+0100,6,NETClosed
Hestia,high,2023-05-07T00:00:00.000+0100,92,NETClosed
Hestia,critical,2023-05-07T00:00:00.000+0100,9,NETClosed
CHA,high,2023-05-07T00:00:00.000+0100,242,NETClosed
savi,high,2023-05-06T00:00:00.000+0100,34,Q1Open
pims,high,2023-05-06T00:00:00.000+0100,176,Q1Open
mflow,high,2023-05-06T00:00:00.000+0100,188,Q1Open
cproc,high,2023-05-06T00:00:00.000+0100,11,Q1Open
cplay,high,2023-05-06T00:00:00.000+0100,22,Q1Open
che,high,2023-05-06T00:00:00.000+0100,11,Q1Open
buy,high,2023-05-06T00:00:00.000+0100,12,Q1Open
Voddisco,high,2023-05-06T00:00:00.000+0100,34,Q1Open
Savi 2,high,2023-05-06T00:00:00.000+0100,1,Q1Open
Hestia,high,2023-05-06T00:00:00.000+0100,25,Q1Open
sota,high,2023-05-06T00:00:00.000+0100,1,NETClosed
savi,high,2023-05-06T00:00:00.000+0100,486,NETClosed
savi,critical,2023-05-06T00:00:00.000+0100,20,NETClosed
pims,high,2023-05-06T00:00:00.000+0100,712,NETClosed
pims,critical,2023-05-06T00:00:00.000+0100,80,NETClosed
mflow,high,2023-05-06T00:00:00.000+0100,846,NETClosed
mflow,critical,2023-05-06T00:00:00.000+0100,61,NETClosed
cpubd,high,2023-05-06T00:00:00.000+0100,62,NETClosed
cpubd,critical,2023-05-06T00:00:00.000+0100,26,NETClosed
cproc,high,2023-05-06T00:00:00.000+0100,292,NETClosed
cproc,critical,2023-05-06T00:00:00.000+0100,41,NETClosed
cplay,high,2023-05-06T00:00:00.000+0100,96,NETClosed
cplay,critical,2023-05-06T00:00:00.000+0100,1,NETClosed
che,high,2023-05-06T00:00:00.000+0100,53,NETClosed
che,critical,2023-05-06T00:00:00.000+0100,2,NETClosed
buy,high,2023-05-06T00:00:00.000+0100,95,NETClosed
buy,critical,2023-05-06T00:00:00.000+0100,6,NETClosed
Voddisco,high,2023-05-06T00:00:00.000+0100,1621,NETClosed
Voddisco,critical,2023-05-06T00:00:00.000+0100,201,NETClosed
Savi 2,high,2023-05-06T00:00:00.000+0100,5,NETClosed
Savi 2,critical,2023-05-06T00:00:00.000+0100,6,NETClosed
Hestia,high,2023-05-06T00:00:00.000+0100,38,NETClosed
Hestia,critical,2023-05-06T00:00:00.000+0100,6,NETClosed
CHA,high,2023-05-06T00:00:00.000+0100,242,NETClosed
savi,high,2023-05-06T00:00:00.000+0100,1,Q1Closed
buy,high,2023-05-06T00:00:00.000+0100,1,Q1Closed
sota,high,2023-05-06T00:00:00.000+0100,15,NETOpen
savi,high,2023-05-06T00:00:00.000+0100,835,NETOpen
savi,critical,2023-05-06T00:00:00.000+0100,37,NETOpen
pims,high,2023-05-06T00:00:00.000+0100,308,NETOpen
mflow,high,2023-05-06T00:00:00.000+0100,263,NETOpen
mflow,critical,2023-05-06T00:00:00.000+0100,8,NETOpen
cpubd,high,2023-05-06T00:00:00.000+0100,19,NETOpen
cpubd,critical,2023-05-06T00:00:00.000+0100,1,NETOpen
cproc,high,2023-05-06T00:00:00.000+0100,15,NETOpen
cplay,high,2023-05-06T00:00:00.000+0100,27,NETOpen
che,high,2023-05-06T00:00:00.000+0100,23,NETOpen
buy,high,2023-05-06T00:00:00.000+0100,16,NETOpen
buy,critical,2023-05-06T00:00:00.000+0100,3,NETOpen
Voddisco,high,2023-05-06T00:00:00.000+0100,819,NETOpen
Voddisco,critical,2023-05-06T00:00:00.000+0100,104,NETOpen
Savi 2,high,2023-05-06T00:00:00.000+0100,117,NETOpen
Savi 2,critical,2023-05-06T00:00:00.000+0100,10,NETOpen
Hestia,high,2023-05-06T00:00:00.000+0100,2014,NETOpen
Hestia,critical,2023-05-06T00:00:00.000+0100,162,NETOpen
CHA,high,2023-05-06T00:00:00.000+0100,73,NETOpen
CHA,critical,2023-05-06T00:00:00.000+0100,16,NETOpen
sota,high,2023-05-05T00:00:00.000+0100,16,NETOpen
savi,high,2023-05-05T00:00:00.000+0100,835,NETOpen
savi,critical,2023-05-05T00:00:00.000+0100,37,NETOpen
pims,high,2023-05-05T00:00:00.000+0100,308,NETOpen
mflow,high,2023-05-05T00:00:00.000+0100,263,NETOpen
mflow,critical,2023-05-05T00:00:00.000+0100,8,NETOpen
cpubd,high,2023-05-05T00:00:00.000+0100,19,NETOpen
cpubd,critical,2023-05-05T00:00:00.000+0100,1,NETOpen
cproc,high,2023-05-05T00:00:00.000+0100,15,NETOpen
cplay,high,2023-05-05T00:00:00.000+0100,27,NETOpen
che,high,2023-05-05T00:00:00.000+0100,23,NETOpen
buy,high,2023-05-05T00:00:00.000+0100,16,NETOpen
buy,critical,2023-05-05T00:00:00.000+0100,3,NETOpen
Voddisco,high,2023-05-05T00:00:00.000+0100,819,NETOpen
Voddisco,critical,2023-05-05T00:00:00.000+0100,104,NETOpen
Savi 2,high,2023-05-05T00:00:00.000+0100,117,NETOpen
Savi 2,critical,2023-05-05T00:00:00.000+0100,10,NETOpen
Hestia,high,2023-05-05T00:00:00.000+0100,2014,NETOpen
Hestia,critical,2023-05-05T00:00:00.000+0100,162,NETOpen
CHA,high,2023-05-05T00:00:00.000+0100,73,NETOpen
CHA,critical,2023-05-05T00:00:00.000+0100,16,NETOpen
savi,high,2023-05-05T00:00:00.000+0100,35,Q1Open
pims,high,2023-05-05T00:00:00.000+0100,176,Q1Open
mflow,high,2023-05-05T00:00:00.000+0100,188,Q1Open
cproc,high,2023-05-05T00:00:00.000+0100,11,Q1Open
cplay,high,2023-05-05T00:00:00.000+0100,22,Q1Open
che,high,2023-05-05T00:00:00.000+0100,11,Q1Open
buy,high,2023-05-05T00:00:00.000+0100,11,Q1Open
Voddisco,high,2023-05-05T00:00:00.000+0100,34,Q1Open
Savi 2,high,2023-05-05T00:00:00.000+0100,1,Q1Open
Hestia,high,2023-05-05T00:00:00.000+0100,25,Q1Open
savi,high,2023-05-05T00:00:00.000+0100,488,NETClosed
savi,critical,2023-05-05T00:00:00.000+0100,20,NETClosed
pims,high,2023-05-05T00:00:00.000+0100,712,NETClosed
pims,critical,2023-05-05T00:00:00.000+0100,80,NETClosed
mflow,high,2023-05-05T00:00:00.000+0100,852,NETClosed
mflow,critical,2023-05-05T00:00:00.000+0100,61,NETClosed
cpubd,high,2023-05-05T00:00:00.000+0100,62,NETClosed
cpubd,critical,2023-05-05T00:00:00.000+0100,26,NETClosed
cproc,high,2023-05-05T00:00:00.000+0100,292,NETClosed
cproc,critical,2023-05-05T00:00:00.000+0100,41,NETClosed
cplay,high,2023-05-05T00:00:00.000+0100,96,NETClosed
cplay,critical,2023-05-05T00:00:00.000+0100,1,NETClosed
che,high,2023-05-05T00:00:00.000+0100,53,NETClosed
che,critical,2023-05-05T00:00:00.000+0100,2,NETClosed
buy,high,2023-05-05T00:00:00.000+0100,95,NETClosed
buy,critical,2023-05-05T00:00:00.000+0100,6,NETClosed
Voddisco,high,2023-05-05T00:00:00.000+0100,1621,NETClosed
Voddisco,critical,2023-05-05T00:00:00.000+0100,201,NETClosed
Savi 2,high,2023-05-05T00:00:00.000+0100,5,NETClosed
Savi 2,critical,2023-05-05T00:00:00.000+0100,6,NETClosed
Hestia,high,2023-05-05T00:00:00.000+0100,38,NETClosed
Hestia,critical,2023-05-05T00:00:00.000+0100,6,NETClosed
CHA,high,2023-05-05T00:00:00.000+0100,242,NETClosed
savi,high,2023-05-05T00:00:00.000+0100,2,Q1Closed
sota,high,2023-05-04T00:00:00.000+0100,16,NETOpen
savi,high,2023-05-04T00:00:00.000+0100,825,NETOpen
savi,critical,2023-05-04T00:00:00.000+0100,38,NETOpen
pims,high,2023-05-04T00:00:00.000+0100,209,NETOpen
mflow,high,2023-05-04T00:00:00.000+0100,204,NETOpen
mflow,critical,2023-05-04T00:00:00.000+0100,8,NETOpen
cpubd,high,2023-05-04T00:00:00.000+0100,19,NETOpen
cpubd,critical,2023-05-04T00:00:00.000+0100,1,NETOpen
cproc,high,2023-05-04T00:00:00.000+0100,15,NETOpen
cplay,high,2023-05-04T00:00:00.000+0100,16,NETOpen
che,high,2023-05-04T00:00:00.000+0100,24,NETOpen
buy,high,2023-05-04T00:00:00.000+0100,5,NETOpen
buy,critical,2023-05-04T00:00:00.000+0100,3,NETOpen
Voddisco,high,2023-05-04T00:00:00.000+0100,788,NETOpen
Voddisco,critical,2023-05-04T00:00:00.000+0100,104,NETOpen
Savi 2,high,2023-05-04T00:00:00.000+0100,117,NETOpen
Savi 2,critical,2023-05-04T00:00:00.000+0100,10,NETOpen
Hestia,high,2023-05-04T00:00:00.000+0100,2020,NETOpen
Hestia,critical,2023-05-04T00:00:00.000+0100,162,NETOpen
CHA,high,2023-05-04T00:00:00.000+0100,73,NETOpen
CHA,critical,2023-05-04T00:00:00.000+0100,16,NETOpen
savi,high,2023-05-04T00:00:00.000+0100,26,Q1Open
pims,high,2023-05-04T00:00:00.000+0100,77,Q1Open
mflow,high,2023-05-04T00:00:00.000+0100,122,Q1Open
cproc,high,2023-05-04T00:00:00.000+0100,11,Q1Open
cplay,high,2023-05-04T00:00:00.000+0100,11,Q1Open
che,high,2023-05-04T00:00:00.000+0100,11,Q1Open
Voddisco,high,2023-05-04T00:00:00.000+0100,1,Q1Open
Savi 2,high,2023-05-04T00:00:00.000+0100,1,Q1Open
Hestia,high,2023-05-04T00:00:00.000+0100,25,Q1Open
savi,high,2023-05-04T00:00:00.000+0100,4,Q1Closed
savi,high,2023-05-04T00:00:00.000+0100,498,NETClosed
savi,critical,2023-05-04T00:00:00.000+0100,22,NETClosed
pims,high,2023-05-04T00:00:00.000+0100,715,NETClosed
pims,critical,2023-05-04T00:00:00.000+0100,80,NETClosed
mflow,high,2023-05-04T00:00:00.000+0100,854,NETClosed
mflow,critical,2023-05-04T00:00:00.000+0100,61,NETClosed
cpubd,high,2023-05-04T00:00:00.000+0100,69,NETClosed
cpubd,critical,2023-05-04T00:00:00.000+0100,26,NETClosed
cproc,high,2023-05-04T00:00:00.000+0100,293,NETClosed
cproc,critical,2023-05-04T00:00:00.000+0100,41,NETClosed
cplay,high,2023-05-04T00:00:00.000+0100,97,NETClosed
cplay,critical,2023-05-04T00:00:00.000+0100,1,NETClosed
che,high,2023-05-04T00:00:00.000+0100,55,NETClosed
che,critical,2023-05-04T00:00:00.000+0100,2,NETClosed
buy,high,2023-05-04T00:00:00.000+0100,95,NETClosed
buy,critical,2023-05-04T00:00:00.000+0100,6,NETClosed
Voddisco,high,2023-05-04T00:00:00.000+0100,1619,NETClosed
Voddisco,critical,2023-05-04T00:00:00.000+0100,201,NETClosed
Savi 2,high,2023-05-04T00:00:00.000+0100,5,NETClosed
Savi 2,critical,2023-05-04T00:00:00.000+0100,6,NETClosed
Hestia,high,2023-05-04T00:00:00.000+0100,32,NETClosed
Hestia,critical,2023-05-04T00:00:00.000+0100,6,NETClosed
CHA,high,2023-05-04T00:00:00.000+0100,242,NETClosed
savi,high,2023-05-03T00:00:00.000+0100,1,Q1Closed
sota,high,2023-05-03T00:00:00.000+0100,16,NETOpen
savi,high,2023-05-03T00:00:00.000+0100,828,NETOpen
savi,critical,2023-05-03T00:00:00.000+0100,41,NETOpen
pims,high,2023-05-03T00:00:00.000+0100,132,NETOpen
mflow,high,2023-05-03T00:00:00.000+0100,87,NETOpen
mflow,critical,2023-05-03T00:00:00.000+0100,8,NETOpen
cpubd,high,2023-05-03T00:00:00.000+0100,25,NETOpen
cpubd,critical,2023-05-03T00:00:00.000+0100,1,NETOpen
cproc,high,2023-05-03T00:00:00.000+0100,5,NETOpen
cplay,high,2023-05-03T00:00:00.000+0100,5,NETOpen
che,high,2023-05-03T00:00:00.000+0100,14,NETOpen
buy,high,2023-05-03T00:00:00.000+0100,8,NETOpen
buy,critical,2023-05-03T00:00:00.000+0100,3,NETOpen
Voddisco,high,2023-05-03T00:00:00.000+0100,789,NETOpen
Voddisco,critical,2023-05-03T00:00:00.000+0100,104,NETOpen
Savi 2,high,2023-05-03T00:00:00.000+0100,118,NETOpen
Savi 2,critical,2023-05-03T00:00:00.000+0100,10,NETOpen
Hestia,high,2023-05-03T00:00:00.000+0100,2017,NETOpen
Hestia,critical,2023-05-03T00:00:00.000+0100,163,NETOpen
CHA,high,2023-05-03T00:00:00.000+0100,73,NETOpen
CHA,critical,2023-05-03T00:00:00.000+0100,16,NETOpen
savi,high,2023-05-03T00:00:00.000+0100,15,Q1Open
mflow,high,2023-05-03T00:00:00.000+0100,1,Q1Open
Voddisco,high,2023-05-03T00:00:00.000+0100,1,Q1Open
Savi 2,high,2023-05-03T00:00:00.000+0100,1,Q1Open
Hestia,high,2023-05-03T00:00:00.000+0100,3,Q1Open
savi,high,2023-05-03T00:00:00.000+0100,487,NETClosed
savi,critical,2023-05-03T00:00:00.000+0100,19,NETClosed
pims,high,2023-05-03T00:00:00.000+0100,720,NETClosed
pims,critical,2023-05-03T00:00:00.000+0100,80,NETClosed
mflow,high,2023-05-03T00:00:00.000+0100,850,NETClosed
mflow,critical,2023-05-03T00:00:00.000+0100,61,NETClosed
cpubd,high,2023-05-03T00:00:00.000+0100,63,NETClosed
cpubd,critical,2023-05-03T00:00:00.000+0100,26,NETClosed
cproc,high,2023-05-03T00:00:00.000+0100,292,NETClosed
cproc,critical,2023-05-03T00:00:00.000+0100,41,NETClosed
cplay,high,2023-05-03T00:00:00.000+0100,98,NETClosed
cplay,critical,2023-05-03T00:00:00.000+0100,1,NETClosed
che,high,2023-05-03T00:00:00.000+0100,54,NETClosed
che,critical,2023-05-03T00:00:00.000+0100,2,NETClosed
buy,high,2023-05-03T00:00:00.000+0100,92,NETClosed
buy,critical,2023-05-03T00:00:00.000+0100,6,NETClosed
Voddisco,high,2023-05-03T00:00:00.000+0100,1619,NETClosed
Voddisco,critical,2023-05-03T00:00:00.000+0100,201,NETClosed
Savi 2,high,2023-05-03T00:00:00.000+0100,5,NETClosed
Savi 2,critical,2023-05-03T00:00:00.000+0100,6,NETClosed
Hestia,high,2023-05-03T00:00:00.000+0100,13,NETClosed
Hestia,critical,2023-05-03T00:00:00.000+0100,5,NETClosed
CHA,high,2023-05-03T00:00:00.000+0100,242,NETClosed
sota,high,2023-05-02T00:00:00.000+0100,16,NETOpen
savi,high,2023-05-02T00:00:00.000+0100,832,NETOpen
savi,critical,2023-05-02T00:00:00.000+0100,41,NETOpen
pims,high,2023-05-02T00:00:00.000+0100,132,NETOpen
mflow,high,2023-05-02T00:00:00.000+0100,86,NETOpen
mflow,critical,2023-05-02T00:00:00.000+0100,8,NETOpen
cpubd,high,2023-05-02T00:00:00.000+0100,30,NETOpen
cpubd,critical,2023-05-02T00:00:00.000+0100,1,NETOpen
cproc,high,2023-05-02T00:00:00.000+0100,5,NETOpen
cplay,high,2023-05-02T00:00:00.000+0100,5,NETOpen
che,high,2023-05-02T00:00:00.000+0100,17,NETOpen
buy,high,2023-05-02T00:00:00.000+0100,8,NETOpen
buy,critical,2023-05-02T00:00:00.000+0100,3,NETOpen
Voddisco,high,2023-05-02T00:00:00.000+0100,797,NETOpen
Voddisco,critical,2023-05-02T00:00:00.000+0100,104,NETOpen
Savi 2,high,2023-05-02T00:00:00.000+0100,119,NETOpen
Savi 2,critical,2023-05-02T00:00:00.000+0100,10,NETOpen
Hestia,high,2023-05-02T00:00:00.000+0100,2017,NETOpen
Hestia,critical,2023-05-02T00:00:00.000+0100,163,NETOpen
CHA,high,2023-05-02T00:00:00.000+0100,73,NETOpen
CHA,critical,2023-05-02T00:00:00.000+0100,16,NETOpen
savi,high,2023-05-02T00:00:00.000+0100,1,Q1Closed
savi,high,2023-05-02T00:00:00.000+0100,15,Q1Open
Voddisco,high,2023-05-02T00:00:00.000+0100,1,Q1Open
Savi 2,high,2023-05-02T00:00:00.000+0100,1,Q1Open
Hestia,high,2023-05-02T00:00:00.000+0100,3,Q1Open
savi,high,2023-05-02T00:00:00.000+0100,485,NETClosed
savi,critical,2023-05-02T00:00:00.000+0100,19,NETClosed
pims,high,2023-05-02T00:00:00.000+0100,720,NETClosed
pims,critical,2023-05-02T00:00:00.000+0100,80,NETClosed
mflow,high,2023-05-02T00:00:00.000+0100,850,NETClosed
mflow,critical,2023-05-02T00:00:00.000+0100,61,NETClosed
cpubd,high,2023-05-02T00:00:00.000+0100,58,NETClosed
cpubd,critical,2023-05-02T00:00:00.000+0100,26,NETClosed
cproc,high,2023-05-02T00:00:00.000+0100,292,NETClosed
cproc,critical,2023-05-02T00:00:00.000+0100,41,NETClosed
cplay,high,2023-05-02T00:00:00.000+0100,98,NETClosed
cplay,critical,2023-05-02T00:00:00.000+0100,1,NETClosed
che,high,2023-05-02T00:00:00.000+0100,51,NETClosed
che,critical,2023-05-02T00:00:00.000+0100,2,NETClosed
buy,high,2023-05-02T00:00:00.000+0100,92,NETClosed
buy,critical,2023-05-02T00:00:00.000+0100,6,NETClosed
Voddisco,high,2023-05-02T00:00:00.000+0100,1619,NETClosed
Voddisco,critical,2023-05-02T00:00:00.000+0100,201,NETClosed
Savi 2,high,2023-05-02T00:00:00.000+0100,5,NETClosed
Savi 2,critical,2023-05-02T00:00:00.000+0100,6,NETClosed
Hestia,high,2023-05-02T00:00:00.000+0100,13,NETClosed
Hestia,critical,2023-05-02T00:00:00.000+0100,5,NETClosed
CHA,high,2023-05-02T00:00:00.000+0100,242,NETClosed
savi,high,2023-05-01T00:00:00.000+0100,15,Q1Open
Voddisco,high,2023-05-01T00:00:00.000+0100,1,Q1Open
Savi 2,high,2023-05-01T00:00:00.000+0100,1,Q1Open
Hestia,high,2023-05-01T00:00:00.000+0100,3,Q1Open
sota,high,2023-05-01T00:00:00.000+0100,16,NETOpen
savi,high,2023-05-01T00:00:00.000+0100,830,NETOpen
savi,critical,2023-05-01T00:00:00.000+0100,41,NETOpen
pims,high,2023-05-01T00:00:00.000+0100,132,NETOpen
mflow,high,2023-05-01T00:00:00.000+0100,86,NETOpen
mflow,critical,2023-05-01T00:00:00.000+0100,8,NETOpen
cpubd,high,2023-05-01T00:00:00.000+0100,30,NETOpen
cpubd,critical,2023-05-01T00:00:00.000+0100,1,NETOpen
cproc,high,2023-05-01T00:00:00.000+0100,5,NETOpen
cplay,high,2023-05-01T00:00:00.000+0100,5,NETOpen
che,high,2023-05-01T00:00:00.000+0100,17,NETOpen
buy,high,2023-05-01T00:00:00.000+0100,8,NETOpen
buy,critical,2023-05-01T00:00:00.000+0100,3,NETOpen
Voddisco,high,2023-05-01T00:00:00.000+0100,788,NETOpen
Voddisco,critical,2023-05-01T00:00:00.000+0100,104,NETOpen
Savi 2,high,2023-05-01T00:00:00.000+0100,117,NETOpen
Savi 2,critical,2023-05-01T00:00:00.000+0100,10,NETOpen
Hestia,high,2023-05-01T00:00:00.000+0100,2017,NETOpen
Hestia,critical,2023-05-01T00:00:00.000+0100,163,NETOpen
CHA,high,2023-05-01T00:00:00.000+0100,73,NETOpen
CHA,critical,2023-05-01T00:00:00.000+0100,16,NETOpen
savi,high,2023-05-01T00:00:00.000+0100,484,NETClosed
savi,critical,2023-05-01T00:00:00.000+0100,19,NETClosed
pims,high,2023-05-01T00:00:00.000+0100,720,NETClosed
pims,critical,2023-05-01T00:00:00.000+0100,80,NETClosed
mflow,high,2023-05-01T00:00:00.000+0100,850,NETClosed
mflow,critical,2023-05-01T00:00:00.000+0100,61,NETClosed
cpubd,high,2023-05-01T00:00:00.000+0100,58,NETClosed
cpubd,critical,2023-05-01T00:00:00.000+0100,26,NETClosed
cproc,high,2023-05-01T00:00:00.000+0100,292,NETClosed
cproc,critical,2023-05-01T00:00:00.000+0100,41,NETClosed
cplay,high,2023-05-01T00:00:00.000+0100,98,NETClosed
cplay,critical,2023-05-01T00:00:00.000+0100,1,NETClosed
che,high,2023-05-01T00:00:00.000+0100,51,NETClosed
che,critical,2023-05-01T00:00:00.000+0100,2,NETClosed
buy,high,2023-05-01T00:00:00.000+0100,92,NETClosed
buy,critical,2023-05-01T00:00:00.000+0100,6,NETClosed
Voddisco,high,2023-05-01T00:00:00.000+0100,1619,NETClosed
Voddisco,critical,2023-05-01T00:00:00.000+0100,201,NETClosed
Savi 2,high,2023-05-01T00:00:00.000+0100,5,NETClosed
Savi 2,critical,2023-05-01T00:00:00.000+0100,6,NETClosed
Hestia,high,2023-05-01T00:00:00.000+0100,13,NETClosed
Hestia,critical,2023-05-01T00:00:00.000+0100,5,NETClosed
CHA,high,2023-05-01T00:00:00.000+0100,242,NETClosed
sota,high,2023-04-30T00:00:00.000+0100,16,NETOpen
savi,high,2023-04-30T00:00:00.000+0100,830,NETOpen
savi,critical,2023-04-30T00:00:00.000+0100,41,NETOpen
pims,high,2023-04-30T00:00:00.000+0100,132,NETOpen
mflow,high,2023-04-30T00:00:00.000+0100,86,NETOpen
mflow,critical,2023-04-30T00:00:00.000+0100,8,NETOpen
cpubd,high,2023-04-30T00:00:00.000+0100,30,NETOpen
cpubd,critical,2023-04-30T00:00:00.000+0100,1,NETOpen
cproc,high,2023-04-30T00:00:00.000+0100,5,NETOpen
cplay,high,2023-04-30T00:00:00.000+0100,5,NETOpen
che,high,2023-04-30T00:00:00.000+0100,17,NETOpen
buy,high,2023-04-30T00:00:00.000+0100,7,NETOpen
buy,critical,2023-04-30T00:00:00.000+0100,3,NETOpen
Voddisco,high,2023-04-30T00:00:00.000+0100,788,NETOpen
Voddisco,critical,2023-04-30T00:00:00.000+0100,104,NETOpen
Savi 2,high,2023-04-30T00:00:00.000+0100,117,NETOpen
Savi 2,critical,2023-04-30T00:00:00.000+0100,10,NETOpen
Hestia,high,2023-04-30T00:00:00.000+0100,2017,NETOpen
Hestia,critical,2023-04-30T00:00:00.000+0100,163,NETOpen
CHA,high,2023-04-30T00:00:00.000+0100,73,NETOpen
CHA,critical,2023-04-30T00:00:00.000+0100,16,NETOpen
savi,high,2023-04-30T00:00:00.000+0100,484,NETClosed
savi,high,2023-04-30T00:00:00.000+0100,15,Q1Open
savi,critical,2023-04-30T00:00:00.000+0100,19,NETClosed
Voddisco,high,2023-04-30T00:00:00.000+0100,1,Q1Open
pims,high,2023-04-30T00:00:00.000+0100,720,NETClosed
Savi 2,high,2023-04-30T00:00:00.000+0100,1,Q1Open
pims,critical,2023-04-30T00:00:00.000+0100,80,NETClosed
Hestia,high,2023-04-30T00:00:00.000+0100,3,Q1Open
mflow,high,2023-04-30T00:00:00.000+0100,850,NETClosed
mflow,critical,2023-04-30T00:00:00.000+0100,61,NETClosed
cpubd,high,2023-04-30T00:00:00.000+0100,58,NETClosed
cpubd,critical,2023-04-30T00:00:00.000+0100,26,NETClosed
cproc,high,2023-04-30T00:00:00.000+0100,292,NETClosed
cproc,critical,2023-04-30T00:00:00.000+0100,41,NETClosed
cplay,high,2023-04-30T00:00:00.000+0100,98,NETClosed
cplay,critical,2023-04-30T00:00:00.000+0100,1,NETClosed
che,high,2023-04-30T00:00:00.000+0100,51,NETClosed
che,critical,2023-04-30T00:00:00.000+0100,2,NETClosed
buy,high,2023-04-30T00:00:00.000+0100,92,NETClosed
buy,critical,2023-04-30T00:00:00.000+0100,6,NETClosed
Voddisco,high,2023-04-30T00:00:00.000+0100,1619,NETClosed
Voddisco,critical,2023-04-30T00:00:00.000+0100,201,NETClosed
Savi 2,high,2023-04-30T00:00:00.000+0100,5,NETClosed
Savi 2,critical,2023-04-30T00:00:00.000+0100,6,NETClosed
Hestia,high,2023-04-30T00:00:00.000+0100,13,NETClosed
Hestia,critical,2023-04-30T00:00:00.000+0100,5,NETClosed
CHA,high,2023-04-30T00:00:00.000+0100,242,NETClosed
savi,high,2023-04-29T00:00:00.000+0100,15,Q1Open
Voddisco,high,2023-04-29T00:00:00.000+0100,1,Q1Open
Savi 2,high,2023-04-29T00:00:00.000+0100,1,Q1Open
Hestia,high,2023-04-29T00:00:00.000+0100,3,Q1Open
sota,high,2023-04-29T00:00:00.000+0100,16,NETOpen
savi,high,2023-04-29T00:00:00.000+0100,830,NETOpen
savi,critical,2023-04-29T00:00:00.000+0100,41,NETOpen
pims,high,2023-04-29T00:00:00.000+0100,132,NETOpen
mflow,high,2023-04-29T00:00:00.000+0100,82,NETOpen
mflow,critical,2023-04-29T00:00:00.000+0100,8,NETOpen
cpubd,high,2023-04-29T00:00:00.000+0100,25,NETOpen
cpubd,critical,2023-04-29T00:00:00.000+0100,1,NETOpen
cproc,high,2023-04-29T00:00:00.000+0100,4,NETOpen
cplay,high,2023-04-29T00:00:00.000+0100,5,NETOpen
che,high,2023-04-29T00:00:00.000+0100,16,NETOpen
buy,high,2023-04-29T00:00:00.000+0100,6,NETOpen
buy,critical,2023-04-29T00:00:00.000+0100,3,NETOpen
Voddisco,high,2023-04-29T00:00:00.000+0100,786,NETOpen
Voddisco,critical,2023-04-29T00:00:00.000+0100,104,NETOpen
Savi 2,high,2023-04-29T00:00:00.000+0100,117,NETOpen
Savi 2,critical,2023-04-29T00:00:00.000+0100,10,NETOpen
Hestia,high,2023-04-29T00:00:00.000+0100,2017,NETOpen
Hestia,critical,2023-04-29T00:00:00.000+0100,163,NETOpen
CHA,high,2023-04-29T00:00:00.000+0100,73,NETOpen
CHA,critical,2023-04-29T00:00:00.000+0100,16,NETOpen
savi,high,2023-04-29T00:00:00.000+0100,484,NETClosed
savi,critical,2023-04-29T00:00:00.000+0100,19,NETClosed
pims,high,2023-04-29T00:00:00.000+0100,720,NETClosed
pims,critical,2023-04-29T00:00:00.000+0100,80,NETClosed
mflow,high,2023-04-29T00:00:00.000+0100,850,NETClosed
mflow,critical,2023-04-29T00:00:00.000+0100,61,NETClosed
cpubd,high,2023-04-29T00:00:00.000+0100,58,NETClosed
cpubd,critical,2023-04-29T00:00:00.000+0100,26,NETClosed
cproc,high,2023-04-29T00:00:00.000+0100,292,NETClosed
cproc,critical,2023-04-29T00:00:00.000+0100,41,NETClosed
cplay,high,2023-04-29T00:00:00.000+0100,98,NETClosed
cplay,critical,2023-04-29T00:00:00.000+0100,1,NETClosed
che,high,2023-04-29T00:00:00.000+0100,51,NETClosed
che,critical,2023-04-29T00:00:00.000+0100,2,NETClosed
buy,high,2023-04-29T00:00:00.000+0100,92,NETClosed
buy,critical,2023-04-29T00:00:00.000+0100,6,NETClosed
Voddisco,high,2023-04-29T00:00:00.000+0100,1618,NETClosed
Voddisco,critical,2023-04-29T00:00:00.000+0100,201,NETClosed
Savi 2,high,2023-04-29T00:00:00.000+0100,5,NETClosed
Savi 2,critical,2023-04-29T00:00:00.000+0100,6,NETClosed
Hestia,high,2023-04-29T00:00:00.000+0100,13,NETClosed
Hestia,critical,2023-04-29T00:00:00.000+0100,5,NETClosed
CHA,high,2023-04-29T00:00:00.000+0100,242,NETClosed
sota,high,2023-04-28T00:00:00.000+0100,16,NETOpen
savi,high,2023-04-28T00:00:00.000+0100,825,NETOpen
savi,critical,2023-04-28T00:00:00.000+0100,41,NETOpen
pims,high,2023-04-28T00:00:00.000+0100,132,NETOpen
mflow,high,2023-04-28T00:00:00.000+0100,79,NETOpen
mflow,critical,2023-04-28T00:00:00.000+0100,8,NETOpen
cpubd,high,2023-04-28T00:00:00.000+0100,19,NETOpen
cpubd,critical,2023-04-28T00:00:00.000+0100,1,NETOpen
cproc,high,2023-04-28T00:00:00.000+0100,4,NETOpen
cplay,high,2023-04-28T00:00:00.000+0100,5,NETOpen
che,high,2023-04-28T00:00:00.000+0100,12,NETOpen
buy,high,2023-04-28T00:00:00.000+0100,5,NETOpen
buy,critical,2023-04-28T00:00:00.000+0100,3,NETOpen
Voddisco,high,2023-04-28T00:00:00.000+0100,783,NETOpen
Voddisco,critical,2023-04-28T00:00:00.000+0100,104,NETOpen
Savi 2,high,2023-04-28T00:00:00.000+0100,117,NETOpen
Savi 2,critical,2023-04-28T00:00:00.000+0100,10,NETOpen
Hestia,high,2023-04-28T00:00:00.000+0100,2016,NETOpen
Hestia,critical,2023-04-28T00:00:00.000+0100,163,NETOpen
CHA,high,2023-04-28T00:00:00.000+0100,73,NETOpen
CHA,critical,2023-04-28T00:00:00.000+0100,16,NETOpen
savi,high,2023-04-28T00:00:00.000+0100,10,Q1Open
Voddisco,high,2023-04-28T00:00:00.000+0100,1,Q1Open
Savi 2,high,2023-04-28T00:00:00.000+0100,1,Q1Open
Hestia,high,2023-04-28T00:00:00.000+0100,2,Q1Open
savi,high,2023-04-28T00:00:00.000+0100,486,NETClosed
savi,critical,2023-04-28T00:00:00.000+0100,21,NETClosed
pims,high,2023-04-28T00:00:00.000+0100,720,NETClosed
pims,critical,2023-04-28T00:00:00.000+0100,80,NETClosed
mflow,high,2023-04-28T00:00:00.000+0100,850,NETClosed
mflow,critical,2023-04-28T00:00:00.000+0100,61,NETClosed
cpubd,high,2023-04-28T00:00:00.000+0100,58,NETClosed
cpubd,critical,2023-04-28T00:00:00.000+0100,26,NETClosed
cproc,high,2023-04-28T00:00:00.000+0100,292,NETClosed
cproc,critical,2023-04-28T00:00:00.000+0100,41,NETClosed
cplay,high,2023-04-28T00:00:00.000+0100,98,NETClosed
cplay,critical,2023-04-28T00:00:00.000+0100,1,NETClosed
che,high,2023-04-28T00:00:00.000+0100,51,NETClosed
che,critical,2023-04-28T00:00:00.000+0100,2,NETClosed
buy,high,2023-04-28T00:00:00.000+0100,92,NETClosed
buy,critical,2023-04-28T00:00:00.000+0100,6,NETClosed
Voddisco,high,2023-04-28T00:00:00.000+0100,1618,NETClosed
Voddisco,critical,2023-04-28T00:00:00.000+0100,201,NETClosed
Savi 2,high,2023-04-28T00:00:00.000+0100,5,NETClosed
Savi 2,critical,2023-04-28T00:00:00.000+0100,6,NETClosed
Hestia,high,2023-04-28T00:00:00.000+0100,13,NETClosed
Hestia,critical,2023-04-28T00:00:00.000+0100,5,NETClosed
CHA,high,2023-04-28T00:00:00.000+0100,242,NETClosed
sota,high,2023-04-27T00:00:00.000+0100,16,NETOpen
savi,high,2023-04-27T00:00:00.000+0100,817,NETOpen
savi,critical,2023-04-27T00:00:00.000+0100,43,NETOpen
pims,high,2023-04-27T00:00:00.000+0100,132,NETOpen
mflow,high,2023-04-27T00:00:00.000+0100,79,NETOpen
mflow,critical,2023-04-27T00:00:00.000+0100,8,NETOpen
cpubd,high,2023-04-27T00:00:00.000+0100,19,NETOpen
cpubd,critical,2023-04-27T00:00:00.000+0100,1,NETOpen
cproc,high,2023-04-27T00:00:00.000+0100,4,NETOpen
cplay,high,2023-04-27T00:00:00.000+0100,5,NETOpen
che,high,2023-04-27T00:00:00.000+0100,12,NETOpen
buy,high,2023-04-27T00:00:00.000+0100,5,NETOpen
buy,critical,2023-04-27T00:00:00.000+0100,3,NETOpen
Voddisco,high,2023-04-27T00:00:00.000+0100,782,NETOpen
Voddisco,critical,2023-04-27T00:00:00.000+0100,104,NETOpen
Savi 2,high,2023-04-27T00:00:00.000+0100,116,NETOpen
Savi 2,critical,2023-04-27T00:00:00.000+0100,10,NETOpen
Hestia,high,2023-04-27T00:00:00.000+0100,2013,NETOpen
Hestia,critical,2023-04-27T00:00:00.000+0100,163,NETOpen
CHA,high,2023-04-27T00:00:00.000+0100,73,NETOpen
CHA,critical,2023-04-27T00:00:00.000+0100,16,NETOpen
savi,high,2023-04-27T00:00:00.000+0100,486,NETClosed
savi,critical,2023-04-27T00:00:00.000+0100,20,NETClosed
pims,high,2023-04-27T00:00:00.000+0100,720,NETClosed
pims,critical,2023-04-27T00:00:00.000+0100,80,NETClosed
mflow,high,2023-04-27T00:00:00.000+0100,850,NETClosed
mflow,critical,2023-04-27T00:00:00.000+0100,61,NETClosed
cpubd,high,2023-04-27T00:00:00.000+0100,58,NETClosed
cpubd,critical,2023-04-27T00:00:00.000+0100,26,NETClosed
cproc,high,2023-04-27T00:00:00.000+0100,292,NETClosed
cproc,critical,2023-04-27T00:00:00.000+0100,41,NETClosed
cplay,high,2023-04-27T00:00:00.000+0100,98,NETClosed
cplay,critical,2023-04-27T00:00:00.000+0100,1,NETClosed
che,high,2023-04-27T00:00:00.000+0100,51,NETClosed
che,critical,2023-04-27T00:00:00.000+0100,2,NETClosed
buy,high,2023-04-27T00:00:00.000+0100,92,NETClosed
buy,critical,2023-04-27T00:00:00.000+0100,6,NETClosed
Voddisco,high,2023-04-27T00:00:00.000+0100,1618,NETClosed
Voddisco,critical,2023-04-27T00:00:00.000+0100,201,NETClosed
Savi 2,high,2023-04-27T00:00:00.000+0100,5,NETClosed
Savi 2,critical,2023-04-27T00:00:00.000+0100,6,NETClosed
Hestia,high,2023-04-27T00:00:00.000+0100,13,NETClosed
Hestia,critical,2023-04-27T00:00:00.000+0100,5,NETClosed
CHA,high,2023-04-27T00:00:00.000+0100,242,NETClosed
savi,high,2023-04-26T00:00:00.000+0100,484,NETClosed
savi,critical,2023-04-26T00:00:00.000+0100,19,NETClosed
pims,high,2023-04-26T00:00:00.000+0100,676,NETClosed
pims,critical,2023-04-26T00:00:00.000+0100,80,NETClosed
mflow,high,2023-04-26T00:00:00.000+0100,850,NETClosed
mflow,critical,2023-04-26T00:00:00.000+0100,61,NETClosed
cpubd,high,2023-04-26T00:00:00.000+0100,58,NETClosed
cpubd,critical,2023-04-26T00:00:00.000+0100,26,NETClosed
cproc,high,2023-04-26T00:00:00.000+0100,292,NETClosed
cproc,critical,2023-04-26T00:00:00.000+0100,41,NETClosed
cplay,high,2023-04-26T00:00:00.000+0100,98,NETClosed
cplay,critical,2023-04-26T00:00:00.000+0100,1,NETClosed
che,high,2023-04-26T00:00:00.000+0100,51,NETClosed
che,critical,2023-04-26T00:00:00.000+0100,2,NETClosed
buy,high,2023-04-26T00:00:00.000+0100,92,NETClosed
buy,critical,2023-04-26T00:00:00.000+0100,6,NETClosed
Voddisco,high,2023-04-26T00:00:00.000+0100,1664,NETClosed
Voddisco,critical,2023-04-26T00:00:00.000+0100,202,NETClosed
Savi 2,high,2023-04-26T00:00:00.000+0100,5,NETClosed
Savi 2,critical,2023-04-26T00:00:00.000+0100,6,NETClosed
Hestia,high,2023-04-26T00:00:00.000+0100,13,NETClosed
Hestia,critical,2023-04-26T00:00:00.000+0100,5,NETClosed
CHA,high,2023-04-26T00:00:00.000+0100,242,NETClosed
sota,high,2023-04-26T00:00:00.000+0100,16,NETOpen
savi,high,2023-04-26T00:00:00.000+0100,819,NETOpen
savi,critical,2023-04-26T00:00:00.000+0100,44,NETOpen
pims,high,2023-04-26T00:00:00.000+0100,176,NETOpen
mflow,high,2023-04-26T00:00:00.000+0100,79,NETOpen
mflow,critical,2023-04-26T00:00:00.000+0100,8,NETOpen
cpubd,high,2023-04-26T00:00:00.000+0100,19,NETOpen
cpubd,critical,2023-04-26T00:00:00.000+0100,1,NETOpen
cproc,high,2023-04-26T00:00:00.000+0100,4,NETOpen
cplay,high,2023-04-26T00:00:00.000+0100,5,NETOpen
che,high,2023-04-26T00:00:00.000+0100,12,NETOpen
buy,high,2023-04-26T00:00:00.000+0100,5,NETOpen
buy,critical,2023-04-26T00:00:00.000+0100,3,NETOpen
Voddisco,high,2023-04-26T00:00:00.000+0100,1035,NETOpen
Voddisco,critical,2023-04-26T00:00:00.000+0100,159,NETOpen
Savi 2,high,2023-04-26T00:00:00.000+0100,116,NETOpen
Savi 2,critical,2023-04-26T00:00:00.000+0100,10,NETOpen
Hestia,high,2023-04-26T00:00:00.000+0100,2013,NETOpen
Hestia,critical,2023-04-26T00:00:00.000+0100,163,NETOpen
CHA,high,2023-04-26T00:00:00.000+0100,73,NETOpen
CHA,critical,2023-04-26T00:00:00.000+0100,16,NETOpen
sota,high,2023-04-25T00:00:00.000+0100,16,NETOpen
savi,high,2023-04-25T00:00:00.000+0100,820,NETOpen
savi,critical,2023-04-25T00:00:00.000+0100,44,NETOpen
pims,high,2023-04-25T00:00:00.000+0100,176,NETOpen
mflow,high,2023-04-25T00:00:00.000+0100,77,NETOpen
mflow,critical,2023-04-25T00:00:00.000+0100,8,NETOpen
cpubd,high,2023-04-25T00:00:00.000+0100,17,NETOpen
cpubd,critical,2023-04-25T00:00:00.000+0100,1,NETOpen
cproc,high,2023-04-25T00:00:00.000+0100,4,NETOpen
cplay,high,2023-04-25T00:00:00.000+0100,5,NETOpen
che,high,2023-04-25T00:00:00.000+0100,10,NETOpen
buy,high,2023-04-25T00:00:00.000+0100,5,NETOpen
buy,critical,2023-04-25T00:00:00.000+0100,3,NETOpen
Voddisco,high,2023-04-25T00:00:00.000+0100,1033,NETOpen
Voddisco,critical,2023-04-25T00:00:00.000+0100,159,NETOpen
Savi 2,high,2023-04-25T00:00:00.000+0100,116,NETOpen
Savi 2,critical,2023-04-25T00:00:00.000+0100,10,NETOpen
Hestia,high,2023-04-25T00:00:00.000+0100,2013,NETOpen
Hestia,critical,2023-04-25T00:00:00.000+0100,163,NETOpen
CHA,high,2023-04-25T00:00:00.000+0100,74,NETOpen
CHA,critical,2023-04-25T00:00:00.000+0100,16,NETOpen
savi,high,2023-04-25T00:00:00.000+0100,485,NETClosed
savi,critical,2023-04-25T00:00:00.000+0100,20,NETClosed
pims,high,2023-04-25T00:00:00.000+0100,676,NETClosed
pims,critical,2023-04-25T00:00:00.000+0100,80,NETClosed
mflow,high,2023-04-25T00:00:00.000+0100,850,NETClosed
mflow,critical,2023-04-25T00:00:00.000+0100,61,NETClosed
cpubd,high,2023-04-25T00:00:00.000+0100,58,NETClosed
cpubd,critical,2023-04-25T00:00:00.000+0100,26,NETClosed
cproc,high,2023-04-25T00:00:00.000+0100,292,NETClosed
cproc,critical,2023-04-25T00:00:00.000+0100,41,NETClosed
cplay,high,2023-04-25T00:00:00.000+0100,98,NETClosed
cplay,critical,2023-04-25T00:00:00.000+0100,1,NETClosed
che,high,2023-04-25T00:00:00.000+0100,51,NETClosed
che,critical,2023-04-25T00:00:00.000+0100,2,NETClosed
buy,high,2023-04-25T00:00:00.000+0100,92,NETClosed
buy,critical,2023-04-25T00:00:00.000+0100,6,NETClosed
Voddisco,high,2023-04-25T00:00:00.000+0100,1664,NETClosed
Voddisco,critical,2023-04-25T00:00:00.000+0100,202,NETClosed
Savi 2,high,2023-04-25T00:00:00.000+0100,5,NETClosed
Savi 2,critical,2023-04-25T00:00:00.000+0100,6,NETClosed
Hestia,high,2023-04-25T00:00:00.000+0100,13,NETClosed
Hestia,critical,2023-04-25T00:00:00.000+0100,5,NETClosed
CHA,high,2023-04-25T00:00:00.000+0100,241,NETClosed
savi,high,2023-04-24T00:00:00.000+0100,487,NETClosed
savi,critical,2023-04-24T00:00:00.000+0100,20,NETClosed
pims,high,2023-04-24T00:00:00.000+0100,676,NETClosed
sota,high,2023-04-24T00:00:00.000+0100,16,NETOpen
pims,critical,2023-04-24T00:00:00.000+0100,80,NETClosed
savi,high,2023-04-24T00:00:00.000+0100,820,NETOpen
mflow,high,2023-04-24T00:00:00.000+0100,850,NETClosed
savi,critical,2023-04-24T00:00:00.000+0100,44,NETOpen
mflow,critical,2023-04-24T00:00:00.000+0100,61,NETClosed
pims,high,2023-04-24T00:00:00.000+0100,176,NETOpen
cpubd,high,2023-04-24T00:00:00.000+0100,58,NETClosed
mflow,high,2023-04-24T00:00:00.000+0100,72,NETOpen
cpubd,critical,2023-04-24T00:00:00.000+0100,26,NETClosed
mflow,critical,2023-04-24T00:00:00.000+0100,8,NETOpen
cproc,high,2023-04-24T00:00:00.000+0100,292,NETClosed
cpubd,high,2023-04-24T00:00:00.000+0100,8,NETOpen
cproc,critical,2023-04-24T00:00:00.000+0100,41,NETClosed
cpubd,critical,2023-04-24T00:00:00.000+0100,1,NETOpen
cplay,high,2023-04-24T00:00:00.000+0100,98,NETClosed
cproc,high,2023-04-24T00:00:00.000+0100,3,NETOpen
cplay,critical,2023-04-24T00:00:00.000+0100,1,NETClosed
cplay,high,2023-04-24T00:00:00.000+0100,5,NETOpen
che,high,2023-04-24T00:00:00.000+0100,51,NETClosed
che,high,2023-04-24T00:00:00.000+0100,6,NETOpen
che,critical,2023-04-24T00:00:00.000+0100,2,NETClosed
buy,high,2023-04-24T00:00:00.000+0100,2,NETOpen
buy,high,2023-04-24T00:00:00.000+0100,92,NETClosed
buy,critical,2023-04-24T00:00:00.000+0100,3,NETOpen
buy,critical,2023-04-24T00:00:00.000+0100,6,NETClosed
Voddisco,high,2023-04-24T00:00:00.000+0100,1069,NETOpen
Voddisco,high,2023-04-24T00:00:00.000+0100,1623,NETClosed
Voddisco,critical,2023-04-24T00:00:00.000+0100,160,NETOpen
Voddisco,critical,2023-04-24T00:00:00.000+0100,201,NETClosed
Savi 2,high,2023-04-24T00:00:00.000+0100,116,NETOpen
Savi 2,high,2023-04-24T00:00:00.000+0100,5,NETClosed
Savi 2,critical,2023-04-24T00:00:00.000+0100,10,NETOpen
Savi 2,critical,2023-04-24T00:00:00.000+0100,6,NETClosed
Hestia,high,2023-04-24T00:00:00.000+0100,2013,NETOpen
Hestia,high,2023-04-24T00:00:00.000+0100,13,NETClosed
Hestia,critical,2023-04-24T00:00:00.000+0100,163,NETOpen
Hestia,critical,2023-04-24T00:00:00.000+0100,5,NETClosed
CHA,high,2023-04-24T00:00:00.000+0100,74,NETOpen
CHA,high,2023-04-24T00:00:00.000+0100,241,NETClosed
CHA,critical,2023-04-24T00:00:00.000+0100,16,NETOpen
savi,high,2023-04-23T00:00:00.000+0100,485,NETClosed
savi,critical,2023-04-23T00:00:00.000+0100,20,NETClosed
pims,high,2023-04-23T00:00:00.000+0100,676,NETClosed
sota,high,2023-04-23T00:00:00.000+0100,16,NETOpen
pims,critical,2023-04-23T00:00:00.000+0100,80,NETClosed
savi,high,2023-04-23T00:00:00.000+0100,823,NETOpen
mflow,high,2023-04-23T00:00:00.000+0100,833,NETClosed
savi,critical,2023-04-23T00:00:00.000+0100,44,NETOpen
mflow,critical,2023-04-23T00:00:00.000+0100,57,NETClosed
pims,high,2023-04-23T00:00:00.000+0100,176,NETOpen
cpubd,high,2023-04-23T00:00:00.000+0100,58,NETClosed
mflow,high,2023-04-23T00:00:00.000+0100,89,NETOpen
cpubd,critical,2023-04-23T00:00:00.000+0100,26,NETClosed
mflow,critical,2023-04-23T00:00:00.000+0100,12,NETOpen
cproc,high,2023-04-23T00:00:00.000+0100,292,NETClosed
cpubd,high,2023-04-23T00:00:00.000+0100,8,NETOpen
cproc,critical,2023-04-23T00:00:00.000+0100,41,NETClosed
cpubd,critical,2023-04-23T00:00:00.000+0100,1,NETOpen
cplay,high,2023-04-23T00:00:00.000+0100,98,NETClosed
cproc,high,2023-04-23T00:00:00.000+0100,3,NETOpen
cplay,critical,2023-04-23T00:00:00.000+0100,1,NETClosed
cplay,high,2023-04-23T00:00:00.000+0100,5,NETOpen
che,high,2023-04-23T00:00:00.000+0100,51,NETClosed
che,high,2023-04-23T00:00:00.000+0100,6,NETOpen
che,critical,2023-04-23T00:00:00.000+0100,2,NETClosed
buy,high,2023-04-23T00:00:00.000+0100,2,NETOpen
buy,high,2023-04-23T00:00:00.000+0100,92,NETClosed
buy,critical,2023-04-23T00:00:00.000+0100,3,NETOpen
buy,critical,2023-04-23T00:00:00.000+0100,6,NETClosed
Voddisco,high,2023-04-23T00:00:00.000+0100,1062,NETOpen
Voddisco,high,2023-04-23T00:00:00.000+0100,1630,NETClosed
Voddisco,critical,2023-04-23T00:00:00.000+0100,161,NETOpen
Voddisco,critical,2023-04-23T00:00:00.000+0100,200,NETClosed
Savi 2,high,2023-04-23T00:00:00.000+0100,116,NETOpen
Savi 2,high,2023-04-23T00:00:00.000+0100,5,NETClosed
Savi 2,critical,2023-04-23T00:00:00.000+0100,10,NETOpen
Savi 2,critical,2023-04-23T00:00:00.000+0100,6,NETClosed
Hestia,high,2023-04-23T00:00:00.000+0100,2013,NETOpen
Hestia,high,2023-04-23T00:00:00.000+0100,13,NETClosed
Hestia,critical,2023-04-23T00:00:00.000+0100,163,NETOpen
Hestia,critical,2023-04-23T00:00:00.000+0100,5,NETClosed
CHA,high,2023-04-23T00:00:00.000+0100,73,NETOpen
CHA,high,2023-04-23T00:00:00.000+0100,241,NETClosed
CHA,critical,2023-04-23T00:00:00.000+0100,16,NETOpen
sota,high,2023-04-22T00:00:00.000+0100,16,NETOpen
savi,high,2023-04-22T00:00:00.000+0100,820,NETOpen
savi,critical,2023-04-22T00:00:00.000+0100,44,NETOpen
pims,high,2023-04-22T00:00:00.000+0100,176,NETOpen
mflow,high,2023-04-22T00:00:00.000+0100,89,NETOpen
mflow,critical,2023-04-22T00:00:00.000+0100,12,NETOpen
cpubd,high,2023-04-22T00:00:00.000+0100,8,NETOpen
cpubd,critical,2023-04-22T00:00:00.000+0100,1,NETOpen
cproc,high,2023-04-22T00:00:00.000+0100,3,NETOpen
cplay,high,2023-04-22T00:00:00.000+0100,5,NETOpen
che,high,2023-04-22T00:00:00.000+0100,6,NETOpen
buy,high,2023-04-22T00:00:00.000+0100,2,NETOpen
buy,critical,2023-04-22T00:00:00.000+0100,3,NETOpen
Voddisco,high,2023-04-22T00:00:00.000+0100,1061,NETOpen
Voddisco,critical,2023-04-22T00:00:00.000+0100,161,NETOpen
Savi 2,high,2023-04-22T00:00:00.000+0100,116,NETOpen
Savi 2,critical,2023-04-22T00:00:00.000+0100,10,NETOpen
Hestia,high,2023-04-22T00:00:00.000+0100,2013,NETOpen
Hestia,critical,2023-04-22T00:00:00.000+0100,163,NETOpen
CHA,high,2023-04-22T00:00:00.000+0100,73,NETOpen
CHA,critical,2023-04-22T00:00:00.000+0100,16,NETOpen
savi,high,2023-04-22T00:00:00.000+0100,485,NETClosed
savi,critical,2023-04-22T00:00:00.000+0100,20,NETClosed
pims,high,2023-04-22T00:00:00.000+0100,676,NETClosed
pims,critical,2023-04-22T00:00:00.000+0100,80,NETClosed
mflow,high,2023-04-22T00:00:00.000+0100,833,NETClosed
mflow,critical,2023-04-22T00:00:00.000+0100,57,NETClosed
cpubd,high,2023-04-22T00:00:00.000+0100,58,NETClosed
cpubd,critical,2023-04-22T00:00:00.000+0100,26,NETClosed
cproc,high,2023-04-22T00:00:00.000+0100,292,NETClosed
cproc,critical,2023-04-22T00:00:00.000+0100,41,NETClosed
cplay,high,2023-04-22T00:00:00.000+0100,98,NETClosed
cplay,critical,2023-04-22T00:00:00.000+0100,1,NETClosed
che,high,2023-04-22T00:00:00.000+0100,51,NETClosed
che,critical,2023-04-22T00:00:00.000+0100,2,NETClosed
buy,high,2023-04-22T00:00:00.000+0100,92,NETClosed
buy,critical,2023-04-22T00:00:00.000+0100,6,NETClosed
Voddisco,high,2023-04-22T00:00:00.000+0100,1630,NETClosed
Voddisco,critical,2023-04-22T00:00:00.000+0100,200,NETClosed
Savi 2,high,2023-04-22T00:00:00.000+0100,5,NETClosed
Savi 2,critical,2023-04-22T00:00:00.000+0100,6,NETClosed
Hestia,high,2023-04-22T00:00:00.000+0100,13,NETClosed
Hestia,critical,2023-04-22T00:00:00.000+0100,5,NETClosed
CHA,high,2023-04-22T00:00:00.000+0100,241,NETClosed
sota,high,2023-04-21T00:00:00.000+0100,16,NETOpen
savi,high,2023-04-21T00:00:00.000+0100,817,NETOpen
savi,critical,2023-04-21T00:00:00.000+0100,44,NETOpen
pims,high,2023-04-21T00:00:00.000+0100,176,NETOpen
mflow,high,2023-04-21T00:00:00.000+0100,89,NETOpen
mflow,critical,2023-04-21T00:00:00.000+0100,12,NETOpen
cpubd,high,2023-04-21T00:00:00.000+0100,8,NETOpen
cpubd,critical,2023-04-21T00:00:00.000+0100,1,NETOpen
cproc,high,2023-04-21T00:00:00.000+0100,3,NETOpen
cplay,high,2023-04-21T00:00:00.000+0100,5,NETOpen
che,high,2023-04-21T00:00:00.000+0100,6,NETOpen
buy,high,2023-04-21T00:00:00.000+0100,2,NETOpen
buy,critical,2023-04-21T00:00:00.000+0100,3,NETOpen
Voddisco,high,2023-04-21T00:00:00.000+0100,1054,NETOpen
Voddisco,critical,2023-04-21T00:00:00.000+0100,161,NETOpen
Savi 2,high,2023-04-21T00:00:00.000+0100,115,NETOpen
Savi 2,critical,2023-04-21T00:00:00.000+0100,10,NETOpen
Hestia,high,2023-04-21T00:00:00.000+0100,2013,NETOpen
Hestia,critical,2023-04-21T00:00:00.000+0100,163,NETOpen
CHA,high,2023-04-21T00:00:00.000+0100,73,NETOpen
CHA,critical,2023-04-21T00:00:00.000+0100,16,NETOpen
savi,high,2023-04-21T00:00:00.000+0100,489,NETClosed
savi,critical,2023-04-21T00:00:00.000+0100,22,NETClosed
pims,high,2023-04-21T00:00:00.000+0100,676,NETClosed
pims,critical,2023-04-21T00:00:00.000+0100,80,NETClosed
mflow,high,2023-04-21T00:00:00.000+0100,833,NETClosed
mflow,critical,2023-04-21T00:00:00.000+0100,57,NETClosed
cpubd,high,2023-04-21T00:00:00.000+0100,58,NETClosed
cpubd,critical,2023-04-21T00:00:00.000+0100,26,NETClosed
cproc,high,2023-04-21T00:00:00.000+0100,292,NETClosed
cproc,critical,2023-04-21T00:00:00.000+0100,41,NETClosed
cplay,high,2023-04-21T00:00:00.000+0100,98,NETClosed
cplay,critical,2023-04-21T00:00:00.000+0100,1,NETClosed
che,high,2023-04-21T00:00:00.000+0100,51,NETClosed
che,critical,2023-04-21T00:00:00.000+0100,2,NETClosed
buy,high,2023-04-21T00:00:00.000+0100,92,NETClosed
buy,critical,2023-04-21T00:00:00.000+0100,6,NETClosed
Voddisco,high,2023-04-21T00:00:00.000+0100,1631,NETClosed
Voddisco,critical,2023-04-21T00:00:00.000+0100,201,NETClosed
Savi 2,high,2023-04-21T00:00:00.000+0100,5,NETClosed
Savi 2,critical,2023-04-21T00:00:00.000+0100,6,NETClosed
Hestia,high,2023-04-21T00:00:00.000+0100,13,NETClosed
Hestia,critical,2023-04-21T00:00:00.000+0100,5,NETClosed
CHA,high,2023-04-21T00:00:00.000+0100,241,NETClosed
savi,high,2023-04-20T00:00:00.000+0100,486,NETClosed
savi,critical,2023-04-20T00:00:00.000+0100,21,NETClosed
pims,high,2023-04-20T00:00:00.000+0100,676,NETClosed
pims,critical,2023-04-20T00:00:00.000+0100,80,NETClosed
mflow,high,2023-04-20T00:00:00.000+0100,833,NETClosed
mflow,critical,2023-04-20T00:00:00.000+0100,57,NETClosed
cpubd,high,2023-04-20T00:00:00.000+0100,58,NETClosed
cpubd,critical,2023-04-20T00:00:00.000+0100,26,NETClosed
cproc,high,2023-04-20T00:00:00.000+0100,292,NETClosed
cproc,critical,2023-04-20T00:00:00.000+0100,41,NETClosed
cplay,high,2023-04-20T00:00:00.000+0100,98,NETClosed
cplay,critical,2023-04-20T00:00:00.000+0100,1,NETClosed
che,high,2023-04-20T00:00:00.000+0100,51,NETClosed
che,critical,2023-04-20T00:00:00.000+0100,2,NETClosed
buy,high,2023-04-20T00:00:00.000+0100,92,NETClosed
buy,critical,2023-04-20T00:00:00.000+0100,6,NETClosed
Voddisco,high,2023-04-20T00:00:00.000+0100,1633,NETClosed
Voddisco,critical,2023-04-20T00:00:00.000+0100,203,NETClosed
Savi 2,high,2023-04-20T00:00:00.000+0100,5,NETClosed
Savi 2,critical,2023-04-20T00:00:00.000+0100,6,NETClosed
Hestia,high,2023-04-20T00:00:00.000+0100,13,NETClosed
Hestia,critical,2023-04-20T00:00:00.000+0100,5,NETClosed
CHA,high,2023-04-20T00:00:00.000+0100,241,NETClosed
sota,high,2023-04-20T00:00:00.000+0100,16,NETOpen
savi,high,2023-04-20T00:00:00.000+0100,799,NETOpen
savi,critical,2023-04-20T00:00:00.000+0100,45,NETOpen
pims,high,2023-04-20T00:00:00.000+0100,176,NETOpen
mflow,high,2023-04-20T00:00:00.000+0100,89,NETOpen
mflow,critical,2023-04-20T00:00:00.000+0100,12,NETOpen
cpubd,high,2023-04-20T00:00:00.000+0100,8,NETOpen
cpubd,critical,2023-04-20T00:00:00.000+0100,1,NETOpen
cproc,high,2023-04-20T00:00:00.000+0100,3,NETOpen
cplay,high,2023-04-20T00:00:00.000+0100,5,NETOpen
che,high,2023-04-20T00:00:00.000+0100,6,NETOpen
buy,high,2023-04-20T00:00:00.000+0100,2,NETOpen
buy,critical,2023-04-20T00:00:00.000+0100,3,NETOpen
Voddisco,high,2023-04-20T00:00:00.000+0100,1042,NETOpen
Voddisco,critical,2023-04-20T00:00:00.000+0100,161,NETOpen
Savi 2,high,2023-04-20T00:00:00.000+0100,115,NETOpen
Savi 2,critical,2023-04-20T00:00:00.000+0100,10,NETOpen
Hestia,high,2023-04-20T00:00:00.000+0100,2013,NETOpen
Hestia,critical,2023-04-20T00:00:00.000+0100,163,NETOpen
CHA,high,2023-04-20T00:00:00.000+0100,73,NETOpen
CHA,critical,2023-04-20T00:00:00.000+0100,16,NETOpen
savi,high,2023-04-19T00:00:00.000+0100,486,NETClosed
savi,critical,2023-04-19T00:00:00.000+0100,21,NETClosed
pims,high,2023-04-19T00:00:00.000+0100,676,NETClosed
pims,critical,2023-04-19T00:00:00.000+0100,80,NETClosed
mflow,high,2023-04-19T00:00:00.000+0100,833,NETClosed
mflow,critical,2023-04-19T00:00:00.000+0100,57,NETClosed
cpubd,high,2023-04-19T00:00:00.000+0100,58,NETClosed
cpubd,critical,2023-04-19T00:00:00.000+0100,26,NETClosed
cproc,high,2023-04-19T00:00:00.000+0100,292,NETClosed
cproc,critical,2023-04-19T00:00:00.000+0100,41,NETClosed
cplay,high,2023-04-19T00:00:00.000+0100,98,NETClosed
cplay,critical,2023-04-19T00:00:00.000+0100,1,NETClosed
che,high,2023-04-19T00:00:00.000+0100,51,NETClosed
che,critical,2023-04-19T00:00:00.000+0100,2,NETClosed
buy,high,2023-04-19T00:00:00.000+0100,92,NETClosed
buy,critical,2023-04-19T00:00:00.000+0100,6,NETClosed
Voddisco,high,2023-04-19T00:00:00.000+0100,1633,NETClosed
Voddisco,critical,2023-04-19T00:00:00.000+0100,203,NETClosed
Savi 2,high,2023-04-19T00:00:00.000+0100,5,NETClosed
Savi 2,critical,2023-04-19T00:00:00.000+0100,6,NETClosed
Hestia,high,2023-04-19T00:00:00.000+0100,13,NETClosed
Hestia,critical,2023-04-19T00:00:00.000+0100,5,NETClosed
CHA,high,2023-04-19T00:00:00.000+0100,241,NETClosed
sota,high,2023-04-19T00:00:00.000+0100,16,NETOpen
savi,high,2023-04-19T00:00:00.000+0100,799,NETOpen
savi,critical,2023-04-19T00:00:00.000+0100,45,NETOpen
pims,high,2023-04-19T00:00:00.000+0100,176,NETOpen
mflow,high,2023-04-19T00:00:00.000+0100,89,NETOpen
mflow,critical,2023-04-19T00:00:00.000+0100,12,NETOpen
cpubd,high,2023-04-19T00:00:00.000+0100,8,NETOpen
cpubd,critical,2023-04-19T00:00:00.000+0100,1,NETOpen
cproc,high,2023-04-19T00:00:00.000+0100,3,NETOpen
cplay,high,2023-04-19T00:00:00.000+0100,5,NETOpen
che,high,2023-04-19T00:00:00.000+0100,6,NETOpen
buy,high,2023-04-19T00:00:00.000+0100,2,NETOpen
buy,critical,2023-04-19T00:00:00.000+0100,3,NETOpen
Voddisco,high,2023-04-19T00:00:00.000+0100,1042,NETOpen
Voddisco,critical,2023-04-19T00:00:00.000+0100,161,NETOpen
Savi 2,high,2023-04-19T00:00:00.000+0100,115,NETOpen
Savi 2,critical,2023-04-19T00:00:00.000+0100,10,NETOpen
Hestia,high,2023-04-19T00:00:00.000+0100,2013,NETOpen
Hestia,critical,2023-04-19T00:00:00.000+0100,163,NETOpen
CHA,high,2023-04-19T00:00:00.000+0100,73,NETOpen
CHA,critical,2023-04-19T00:00:00.000+0100,16,NETOpen
